"exposure";"outcome";"lambda";"beta_unpenalized";"bootstrap_mean";"bootstrap_standard_error";"ci95_lower";"ci95_upper";"bootstrap_q025";"bootstrap_q975";"z_value";"p_value";"significant";"n_valid_bootstrap";"omitted_cohort";"scenario"
"h_abs_ratio_preg_Log";"e3_bw";0;-0,00980919360970641;-0,00852677751101774;0,00439150496741386;-0,0184163851837663;-0,0012020020356465;-0,0164206373129907;-0,000305428578455307;-2,23367471572804;0,0255044838183491;TRUE;100;"1";"Pregnancy"
"h_no2_ratio_preg_Log";"e3_bw";0;0,00210061313136624;0,000868605979956486;0,0043703261017474;-0,00646506862875399;0,0106662948914865;-0,00859384117647761;0,00788033794738604;0,480653636012734;0,630762688240159;FALSE;100;"1";"Pregnancy"
"h_pm10_ratio_preg_None";"e3_bw";0;-0,0218284725819133;-0,0220528603653149;0,00412642471416392;-0,0299161164065906;-0,013740828757236;-0,0305555675182949;-0,0152650426028385;-5,28992386726146;1,22367284689816e-07;TRUE;100;"1";"Pregnancy"
"h_pm25_ratio_preg_None";"e3_bw";0;0,0160413441071438;0,0157880062022583;0,00269182745214418;0,010765459248345;0,0213172289659426;0,0108592966648463;0,0208392878497152;5,95927651096879;2,53357090933828e-09;TRUE;100;"1";"Pregnancy"
"h_accesslines300_preg_dic0";"e3_bw";0;0,0554673718022506;0,0568628911685628;0,0115935669637841;0,0327443981008805;0,0781903455036208;0,0343390956064227;0,0793604722166543;4,78432323507677;1,71564403653602e-06;TRUE;100;"1";"Pregnancy"
"h_accesspoints300_preg_Log";"e3_bw";0;0,00980436189465551;0,0108196239906009;0,00396652822211106;0,00203010943565614;0,0175786143536549;0,00148517272953479;0,0176292193304377;2,47177414243569;0,0134444425781469;TRUE;100;"1";"Pregnancy"
"h_builtdens300_preg_Sqrt";"e3_bw";0;4,17653587965991e-06;-0,0010990929495508;0,00349974802059111;-0,00685520353944426;0,00686355661120358;-0,00761809612031975;0,00478342048387276;0,00119338188209175;0,999047819247147;FALSE;100;"1";"Pregnancy"
"h_connind300_preg_Sqrt";"e3_bw";0;-0,00275167825556284;-0,00206150321679806;0,0030883562579467;-0,00880474529256727;0,00330138878144158;-0,00879839019342621;0,00390034615173038;-0,890984726416343;0,372937364214128;FALSE;100;"1";"Pregnancy"
"h_fdensity300_preg_Log";"e3_bw";0;-0,00793672519269754;-0,00941079255310775;0,00401232392719521;-0,0158007355843085;-7,27148010866065e-05;-0,0178389452022955;-0,00199530731496223;-1,9780868485974;0,0479189099440707;TRUE;100;"1";"Pregnancy"
"h_frichness300_preg_None";"e3_bw";0;0,00618922962749723;0,00673177576613562;0,00394237218457647;-0,00153767786792514;0,0139161371229196;0,000503954471442596;0,0147177190508046;1,56992524747182;0,116432503103724;FALSE;100;"1";"Pregnancy"
"h_landuseshan300_preg_None";"e3_bw";0;0,00346558227436193;0,00431965150651695;0,0029039335792019;-0,00222602295437029;0,00915718750309415;-0,000782980591632364;0,0102040238209515;1,1934096217567;0,232708988561669;FALSE;100;"1";"Pregnancy"
"h_popdens_preg_Sqrt";"e3_bw";0;-0,00394495603824375;-0,00345181007826015;0,00385843485143477;-0,01150734938375;0,00361743730726254;-0,00975987189731129;0,00415061559706925;-1,02242390765696;0,306580309882845;FALSE;100;"1";"Pregnancy"
"h_walkability_mean_preg_None";"e3_bw";0;0,00170734878027218;0,000993026347008296;0,00298032311306346;-0,00413397718362449;0,00754867474416886;-0,00394395092217036;0,00773923926925742;0,572873717211557;0,566730201476298;FALSE;100;"1";"Pregnancy"
"hs_as_m_Log2";"e3_bw";0;0,00513131166177242;0,00476227461991105;0,00308939370633198;-0,000923788736702968;0,0111864120602478;-0,000816113702343364;0,0103910991208921;1,66094455726227;0,0967245822859784;FALSE;100;"1";"Pregnancy"
"hs_cd_m_Log2";"e3_bw";0;-0,000807541613064889;1,53385447375892e-05;0,00320666859242607;-0,00709249656457574;0,00547741333844596;-0,0066714874387726;0,00553470869453973;-0,251831952629045;0,801170958449923;FALSE;100;"1";"Pregnancy"
"hs_co_m_Log2";"e3_bw";0;0,0067251240527863;0,0066743501519922;0,00316976225336102;0,000512504196644187;0,0129377439089284;0,00110518024589523;0,0126332604870548;2,12164935892444;0,0338671941663638;TRUE;100;"1";"Pregnancy"
"hs_cs_m_Log2";"e3_bw";0;-0,00421045168292146;-0,00475318024757521;0,00295182478413945;-0,00999592194850749;0,00157501858266458;-0,00968133096024977;0,000922566809529495;-1,42638943393415;0,153755961919877;FALSE;100;"1";"Pregnancy"
"hs_cu_m_Log2";"e3_bw";0;-0,00464377507713543;-0,00387720994752737;0,00290907002109813;-0,0103454475469929;0,00105789739272208;-0,00951235438104326;0,00200873003646191;-1,59630914466008;0,110419789422966;FALSE;100;"1";"Pregnancy"
"hs_hg_m_Log2";"e3_bw";0;-0,00271229470515231;-0,00286456888585514;0,00369016651711515;-0,00994488817565361;0,00452029876534898;-0,00993032637685373;0,00343843181554187;-0,735006047172282;0,462335811279478;FALSE;100;"1";"Pregnancy"
"hs_mn_m_Log2";"e3_bw";0;-0,00311812244716203;-0,00263052687431362;0,00284192768806885;-0,00868819836244415;0,00245195346812009;-0,0077076038976012;0,00241437532435928;-1,09718570963389;0,272560218779896;FALSE;100;"1";"Pregnancy"
"hs_mo_m_Log2";"e3_bw";0;0,00152240998067515;0,000397103963027218;0,00306294132427928;-0,00448084470167165;0,00752566466302195;-0,00566860925574416;0,00612886592671748;0,497041836422832;0,61915954923794;FALSE;100;"1";"Pregnancy"
"hs_pb_m_Log2";"e3_bw";0;0,00176636018395297;0,000965154958687854;0,00294504633459562;-0,00400582456465614;0,00753854493256209;-0,00473828012533647;0,00666749336569878;0,599773308556623;0,548657324106165;FALSE;100;"1";"Pregnancy"
"h_humidity_preg_None";"e3_bw";0;0,0133229084160795;0,0145829853395335;0,00468301005264701;0,00414437737365232;0,0225014394585066;0,00551227508230964;0,0226439846161743;2,84494550861553;0,00444190211861864;TRUE;100;"1";"Pregnancy"
"h_pressure_preg_None";"e3_bw";0;-0,000960729190255327;-0,000708467569489346;0,00410881271618107;-0,00901385413319042;0,00709239575267976;-0,00886218711269035;0,00648644007126185;-0,233821606536566;0,81512347489159;FALSE;100;"1";"Pregnancy"
"h_temperature_preg_None";"e3_bw";0;0,00702079913792828;0,0069031892414854;0,00406961791069254;-0,000955505397868243;0,0149971036737248;0,000219024292621208;0,0157778852301258;1,72517403156738;0,0844961140978876;FALSE;100;"1";"Pregnancy"
"h_ndvi100_preg_None";"e3_bw";0;0,00607853596365414;0,00584486411453894;0,00483863142184039;-0,00340500735761685;0,0155620792849251;-0,00324936900327011;0,0154902611328616;1,25625108294406;0,209024951265104;FALSE;100;"1";"Pregnancy"
"hs_dde_madj_Log2";"e3_bw";0;-0,00595811784671013;-0,00551404824114072;0,0032538833613924;-0,0123356120449334;0,000419376351513111;-0,0116031339787391;0,00165003877567643;-1,83107910916651;0,0670887361738216;FALSE;100;"1";"Pregnancy"
"hs_ddt_madj_Log2";"e3_bw";0;-0,00154385833910578;-0,00100723490811948;0,00255701513817096;-0,00655551591784458;0,00346779923963302;-0,00502123835126418;0,00463920900053631;-0,60377364062463;0,545994146657845;FALSE;100;"1";"Pregnancy"
"hs_hcb_madj_Log2";"e3_bw";0;-0,00334092430978311;-0,00356751655879213;0,00316721097375494;-0,00954854374978283;0,00286669513021662;-0,00956263356307435;0,00197862319591801;-1,05484741542879;0,291495115088025;FALSE;100;"1";"Pregnancy"
"hs_pcb118_madj_Log2";"e3_bw";0;0,0102809854238358;0,0110723538925858;0,00447535640132768;0,0015094480592528;0,0190525227884189;0,00339477410674132;0,0196744009606573;2,29724395151766;0,0216048571540182;TRUE;100;"1";"Pregnancy"
"hs_pcb138_madj_Log2";"e3_bw";0;-0,000858810552731823;-0,00145393687980925;0,00427200529799035;-0,00923178707855721;0,00751416597309356;-0,00947392449926064;0,00605399295465393;-0,201032183442241;0,840673408995104;FALSE;100;"1";"Pregnancy"
"hs_pcb153_madj_Log2";"e3_bw";0;-0,0033268362777769;-0,00255102613699357;0,00443374405650555;-0,0120168149451963;0,0053631423896425;-0,0102772665756867;0,00596574489517406;-0,750344682818463;0,45304713779057;FALSE;100;"1";"Pregnancy"
"hs_pcb170_madj_Log2";"e3_bw";0;0,00921185384419238;0,00990743299988335;0,00363043725902574;0,00209632756836962;0,0163273801200151;0,00354020987281341;0,0162696341596627;2,53739513643722;0,0111680820862635;TRUE;100;"1";"Pregnancy"
"hs_pcb180_madj_Log2";"e3_bw";0;0,0152367995196837;0,0144811031767259;0,00421320960534446;0,00697906043389035;0,0234945386054771;0,00421690751055535;0,0232480175497675;3,61643519951056;0,000298688046000677;TRUE;100;"1";"Pregnancy"
"hs_sumPCBs5_madj_Log2";"e3_bw";0;0,0156718287830388;0,0154778703550355;0,00430502291424902;0,0072341389184911;0,0241095186475866;0,00661488101311579;0,022563365252512;3,64035897025479;0,000272258200865757;TRUE;100;"1";"Pregnancy"
"hs_pfhxs_m_Log2";"e3_bw";0;0,0093814062472435;0,00871161394889778;0,00382593167766106;0,00188271795171692;0,0168800945427701;0,00187886448646182;0,0158918589244921;2,4520579659119;0,0142041778225083;TRUE;100;"1";"Pregnancy"
"hs_pfna_m_Log2";"e3_bw";0;-0,00390401482191978;-0,00368767980371033;0,0031452851053263;-0,0100686603494696;0,00226063070563003;-0,00978881886116775;0,00328060776274331;-1,24122764429483;0,214521665305983;FALSE;100;"1";"Pregnancy"
"hs_pfoa_m_Log2";"e3_bw";0;8,90532271005623e-05;-0,000506734014726904;0,00316697717829908;-0,00611810798222591;0,00629621443642703;-0,00671348180382423;0,00601079349051775;0,0281193144398947;0,977566989468366;FALSE;100;"1";"Pregnancy"
"hs_pfos_m_Log2";"e3_bw";0;0,00331232368880459;0,00315732602914865;0,00318118086902952;-0,00292267624280109;0,00954732362041028;-0,00398336475270423;0,00845770744186619;1,04122457199835;0,297771334116689;FALSE;100;"1";"Pregnancy"
"hs_pfunda_m_Log2";"e3_bw";0;-0,00188538226628998;-0,00200385165421161;0,00241890274625107;-0,00662634453104711;0,00285557999846714;-0,00680314026804907;0,00257561415780644;-0,779436986134328;0,43572234355595;FALSE;100;"1";"Pregnancy"
"e3_asmokcigd_p_None";"e3_bw";0;0,00192570521212197;0,00162099559534355;0,00322931514706774;-0,00440363617086046;0,0082550465951044;-0,00422164474024862;0,00737150581993789;0,596320001121767;0,550961471873897;FALSE;100;"1";"Pregnancy"
"h_distinvnear1_preg_Log";"e3_bw";0;-0,00178556753400676;-0,00236897543204025;0,00280478532480315;-0,0072828457549874;0,00371171068697389;-0,00764007288624897;0,00289731306497222;-0,636614687839639;0,524375855575938;FALSE;100;"1";"Pregnancy"
"h_trafload_preg_pow1over3";"e3_bw";0;-0,00666560288262919;-0,00618221372803586;0,00263585974615477;-0,0118317930533914;-0,00149941271186696;-0,0110890843066461;-0,00174092289644583;-2,52881546233751;0,0114448184340276;TRUE;100;"1";"Pregnancy"
"h_trafnear_preg_pow1over3";"e3_bw";0;-0,00716601444641084;-0,00689629227227405;0,00336706567341873;-0,0137653418998927;-0,000566686992929014;-0,011952970657717;-7,85123857940247e-05;-2,12826690699349;0,033314960245369;TRUE;100;"1";"Pregnancy"
"h_bro_preg_Log";"e3_bw";0;0,0107198647223061;0,0106524624851011;0,00432687748763796;0,0022393406810185;0,0192003887635936;0,00274585281606189;0,0194815212650195;2,47750595040721;0,0132304202666438;TRUE;100;"1";"Pregnancy"
"h_clf_preg_Log";"e3_bw";0;-0,00984600450404633;-0,0101181622952514;0,00328510271004658;-0,0162846875012526;-0,0034073215068401;-0,0164579626643782;-0,00435014515961461;-2,9971679344865;0,0027250055404199;TRUE;100;"1";"Pregnancy"
"h_thm_preg_Log";"e3_bw";0;-0,00318574079031847;-0,00320715815142317;0,00372955524080875;-0,0104955347406562;0,00412405316001929;-0,00948789943745686;0,00426301186646569;-0,854187854750113;0,393000911502697;FALSE;100;"1";"Pregnancy"
"e3_alcpreg_yn_None_1";"e3_bw";0;0,00580417843570248;0,00545907338272445;0,00544610931836163;-0,0048699996841543;0,0164783565555593;-0,00517333881261013;0,0148285693274669;1,06574769186759;0,286537712352795;FALSE;100;"1";"Pregnancy"
"h_pamod_t3_None_Often";"e3_bw";0;0,0849136117912158;0,0839798303636024;0,010274341129775;0,0647762732119782;0,105050950370453;0,0650768343106865;0,105840682111565;8,2646284290811;1,40130528230729e-16;TRUE;100;"1";"Pregnancy"
"h_pamod_t3_None_Sometimes";"e3_bw";0;0,0669578839480549;0,0635270025875452;0,0104547426785823;0,0464669648303998;0,0874488030657099;0,0463817983661919;0,0830797026152069;6,4045463390721;1,50817144332706e-10;TRUE;100;"1";"Pregnancy"
"h_pamod_t3_None_Very Often";"e3_bw";0;0,0831675728776405;0,0815665302040155;0,00823857681141715;0,0670202590433961;0,099314886711885;0,0659660523183295;0,0973645040382879;10,0948956089583;5,819295712018e-24;TRUE;100;"1";"Pregnancy"
"h_pavig_t3_None_Low";"e3_bw";0;0,104066349256616;0,102062672455456;0,0103842333161866;0,0837136259498293;0,124419072563403;0,0837305275074476;0,122819496323321;10,0215727139336;1,22537313323626e-23;TRUE;100;"1";"Pregnancy"
"h_pavig_t3_None_Medium";"e3_bw";0;0,0934738350005783;0,0926621387162922;0,010355288145412;0,0731778431860362;0,11376982681512;0,0740717373406194;0,112621899320276;9,02667638871958;1,76964790988872e-19;TRUE;100;"1";"Pregnancy"
"h_abs_ratio_preg_Log";"hs_asthma";0;-0,138619933623092;-0,138812868242535;0,0653939474771018;-0,266789715485115;-0,0104501517610684;-0,266218812497777;-0,0124995652658927;-2,11976702693519;0,0340256972821153;TRUE;100;"1";"Pregnancy"
"h_no2_ratio_preg_Log";"hs_asthma";0;-0,0972622659167082;-0,0977765713929596;0,0634091575419222;-0,221541930988902;0,0270173991554856;-0,199424731379211;0,00900207961043965;-1,53388358538598;0,125058294891916;FALSE;100;"1";"Pregnancy"
"h_pm10_ratio_preg_None";"hs_asthma";0;0,0798250757414535;0,0736347590667171;0,0619959525473357;-0,0416847584385787;0,201334909921486;-0,0217131894234727;0,193235754874082;1,28758527712764;0,197890367081816;FALSE;100;"1";"Pregnancy"
"h_pm25_ratio_preg_None";"hs_asthma";0;-0,0900371699847547;-0,090291063688132;0,0689691340663478;-0,225214188799711;0,0451398488302016;-0,216629537905824;0,0537260353992142;-1,30547050073355;0,191732685653509;FALSE;100;"1";"Pregnancy"
"h_accesslines300_preg_dic0";"hs_asthma";0;-0,368048647864906;-0,358002713688382;0,179450082290728;-0,719764346177482;-0,0163329495523307;-0,743245711190687;-0,0381631791907715;-2,05098065805637;0,0402688303818396;TRUE;100;"1";"Pregnancy"
"h_accesspoints300_preg_Log";"hs_asthma";0;-0,0660273548424684;-0,0659963138182912;0,0734244976688317;-0,209936725856324;0,077882016171387;-0,201869286592214;0,0628784059597274;-0,899255111560628;0,36851679121538;FALSE;100;"1";"Pregnancy"
"h_builtdens300_preg_Sqrt";"hs_asthma";0;0,0557434805966615;0,0560760056514018;0,0719843014983097;-0,0853431577922982;0,196830118985621;-0,0844984122645635;0,18787806517389;0,774383850872963;0,438703830709626;FALSE;100;"1";"Pregnancy"
"h_connind300_preg_Sqrt";"hs_asthma";0;0,0786836421104697;0,0754516505938299;0,0709126464602057;-0,0603025909999553;0,217669875220895;-0,0557273416041026;0,190805931478254;1,10958546942152;0,267177695575509;FALSE;100;"1";"Pregnancy"
"h_fdensity300_preg_Log";"hs_asthma";0;0,0782860440352732;0,0774662918842922;0,0652573793801092;-0,0496160692752076;0,206188157345754;-0,0500725290395052;0,210425613348262;1,19965044227834;0,230275127387803;FALSE;100;"1";"Pregnancy"
"h_frichness300_preg_None";"hs_asthma";0;0,00446101067283602;0,00423627038139937;0,0782531970224521;-0,148912437166287;0,157834458511959;-0,120497921329174;0,161628933298611;0,0570073919351319;0,954539306806471;FALSE;100;"1";"Pregnancy"
"h_landuseshan300_preg_None";"hs_asthma";0;-0,143950621605063;-0,145944808395747;0,069701203563855;-0,280562470269314;-0,0073387729408127;-0,255428489215695;-0,0149136893436647;-2,06525302641563;0,038899065606227;TRUE;100;"1";"Pregnancy"
"h_popdens_preg_Sqrt";"hs_asthma";0;-0,0647537922271683;-0,0635218737941086;0,0770586085457755;-0,215785889675659;0,0862783052213221;-0,199794961993466;0,0830732734925838;-0,840318732055774;0,400729701326821;FALSE;100;"1";"Pregnancy"
"h_walkability_mean_preg_None";"hs_asthma";0;0,0767096449570375;0,0748745846476565;0,0704781907204921;-0,0614250705506721;0,214844360464747;-0,0550757297199653;0,200952771801366;1,08841677365497;0,276411159520482;FALSE;100;"1";"Pregnancy"
"hs_as_m_Log2";"hs_asthma";0;0,0788006878168898;0,0727531730900272;0,0649230548496771;-0,0484461614547958;0,206047537088575;-0,0394552682245073;0,193256404124666;1,21375508283375;0,224841263239917;FALSE;100;"1";"Pregnancy"
"hs_cd_m_Log2";"hs_asthma";0;-0,265977768359313;-0,259052837956999;0,0803167629853691;-0,423395731165476;-0,108559805553149;-0,377986556459543;-0,0962356552676637;-3,31160966245321;0,00092760875647936;TRUE;100;"1";"Pregnancy"
"hs_co_m_Log2";"hs_asthma";0;0,0606581904952832;0,0643361481357905;0,0679788167107652;-0,0725778419694661;0,193894222960033;-0,0680334402267129;0,198660981273732;0,892310184706074;0,372226696765096;FALSE;100;"1";"Pregnancy"
"hs_cs_m_Log2";"hs_asthma";0;-0,109350231012341;-0,107065259179943;0,0769074091210312;-0,260085983033849;0,0413855210091677;-0,271308732186853;0,0288340444388198;-1,42184260609083;0,15507194783002;FALSE;100;"1";"Pregnancy"
"hs_cu_m_Log2";"hs_asthma";0;-0,0936497392095053;-0,0948511096782408;0,0628086961468735;-0,216752521573297;0,0294530431542863;-0,229523158737683;0,00830807175525932;-1,49103141689986;0,135953246743724;FALSE;100;"1";"Pregnancy"
"hs_hg_m_Log2";"hs_asthma";0;-0,0763669320007491;-0,073910842550494;0,0878424541817636;-0,248534978510616;0,0958011145091173;-0,242968444807632;0,0962485660765273;-0,869362459326679;0,384648909702827;FALSE;100;"1";"Pregnancy"
"hs_mn_m_Log2";"hs_asthma";0;-0,00831139872189673;-0,00818584740177587;0,0740469010428942;-0,153440657932771;0,136817860488977;-0,149688053597431;0,128627348104823;-0,112245058264924;0,910629103548911;FALSE;100;"1";"Pregnancy"
"hs_mo_m_Log2";"hs_asthma";0;0,127662637450865;0,128873761272411;0,0804200348896837;-0,0299577345683696;0,2852830094701;0,00401292859534435;0,311963780997804;1,58744817290849;0,112411176204307;FALSE;100;"1";"Pregnancy"
"hs_pb_m_Log2";"hs_asthma";0;0,0377849093170202;0,0390949698260682;0,0773487181853471;-0,113815792576598;0,189385611210639;-0,102777696660741;0,191747510819117;0,488500781958377;0,625195171982527;FALSE;100;"1";"Pregnancy"
"h_humidity_preg_None";"hs_asthma";0;-0,105788102153674;-0,102938051155539;0,0648020496293306;-0,232797785551539;0,0212215812441913;-0,214626769013409;0,0192092071219839;-1,63248080514096;0,102578238855852;FALSE;100;"1";"Pregnancy"
"h_pressure_preg_None";"hs_asthma";0;-0,0177946786196575;-0,0175173731230229;0,0656331183581561;-0,146433226794698;0,110843869555383;-0,140755907075764;0,106980633845764;-0,271123467310405;0,786296073009965;FALSE;100;"1";"Pregnancy"
"h_temperature_preg_None";"hs_asthma";0;0,0246986475845065;0,0220739309343226;0,0643349028149254;-0,101395444881632;0,150792740050645;-0,0961086617582821;0,137507643956372;0,383907435992528;0,701047054788298;FALSE;100;"1";"Pregnancy"
"h_ndvi100_preg_None";"hs_asthma";0;0,168962029635001;0,164896962281732;0,0698235989187344;0,0321102904833119;0,305813768786691;0,0347155493127341;0,28407130219662;2,41984131799982;0,0155272811763045;TRUE;100;"1";"Pregnancy"
"hs_dde_madj_Log2";"hs_asthma";0;-0,0521360183587115;-0,0560930404230185;0,0587834861979063;-0,167349534192315;0,0630774974748921;-0,156288176313688;0,0650811669836262;-0,886916066583483;0,375124090906704;FALSE;100;"1";"Pregnancy"
"hs_ddt_madj_Log2";"hs_asthma";0;-0,0360563576663251;-0,0405045189240555;0,080967234629844;-0,194749221468624;0,122636506135973;-0,199987377038614;0,123604113568813;-0,445320354970293;0,65608825999553;FALSE;100;"1";"Pregnancy"
"hs_hcb_madj_Log2";"hs_asthma";0;0,0499155644194504;0,0443580489444741;0,0640307123945368;-0,0755823257782841;0,175413454617185;-0,123167597143824;0,140557583288366;0,779556599525032;0,435651910280104;FALSE;100;"1";"Pregnancy"
"hs_pcb118_madj_Log2";"hs_asthma";0;0,0658154349880874;0,0587640077816352;0,0768462467277539;-0,0848004409453892;0,216431310921564;-0,0754819280134541;0,204173442444342;0,856456076784781;0,391745558214876;FALSE;100;"1";"Pregnancy"
"hs_pcb138_madj_Log2";"hs_asthma";0;0,0100028730942902;0,00774236425845251;0,0467580268345714;-0,081641175489627;0,101646921678207;-0,0667645557520428;0,109708820788162;0,213928469002341;0,830602839065916;FALSE;100;"1";"Pregnancy"
"hs_pcb153_madj_Log2";"hs_asthma";0;0,112657612482167;0,102653733628336;0,061458364883439;-0,00779856923809419;0,233113794202429;-0,0134204865161333;0,222275368718706;1,83307207563742;0,0667918531963667;FALSE;100;"1";"Pregnancy"
"hs_pcb170_madj_Log2";"hs_asthma";0;-0,138680703832908;-0,137753720837529;0,0636880674126252;-0,263507022206612;-0,0138543854592034;-0,269925560050253;-0,02366077196542;-2,17749901146186;0,0294433554866738;TRUE;100;"1";"Pregnancy"
"hs_pcb180_madj_Log2";"hs_asthma";0;-0,0853937717139862;-0,081845561148701;0,076478153810497;-0,235288198786675;0,0645006553587026;-0,22909336477336;0,0527069177142574;-1,11657731599511;0,264175095108136;FALSE;100;"1";"Pregnancy"
"hs_sumPCBs5_madj_Log2";"hs_asthma";0;-0,0952286238944378;-0,0919370581637055;0,0667785173903532;-0,226112112920512;0,0356548651316362;-0,211223259233063;0,0339142978810279;-1,42603680967907;0,153857717104252;FALSE;100;"1";"Pregnancy"
"hs_pfhxs_m_Log2";"hs_asthma";0;0,0804454195912802;0,081174976394907;0,0582166876648528;-0,0336571915310486;0,194548030713609;-0,0253455025812252;0,210209554022214;1,38182749342243;0,1670246751052;FALSE;100;"1";"Pregnancy"
"hs_pfna_m_Log2";"hs_asthma";0;0,0716167824705551;0,0722750608253882;0,0573198630506766;-0,0407280847075393;0,183961649648649;-0,03407796139864;0,176891632926616;1,24942347484743;0,211510226810327;FALSE;100;"1";"Pregnancy"
"hs_pfoa_m_Log2";"hs_asthma";0;-0,038022638330455;-0,0397273606228253;0,0632443019765362;-0,161979192431841;0,0859339157709313;-0,16574626273574;0,0702313759570854;-0,601202592836924;0,547705057734201;FALSE;100;"1";"Pregnancy"
"hs_pfos_m_Log2";"hs_asthma";0;-0,0461568949580371;-0,0408018202628292;0,0628173088612446;-0,169276557931805;0,0769627680157312;-0,148880113744118;0,104094754986794;-0,734779884633258;0,462473559668181;FALSE;100;"1";"Pregnancy"
"hs_pfunda_m_Log2";"hs_asthma";0;0,0116021069019888;0,0100772656746963;0,0536729505094707;-0,0935949430405745;0,116799156844552;-0,100260852733343;0,100897266785467;0,216163016787042;0,828860680347063;FALSE;100;"1";"Pregnancy"
"e3_asmokcigd_p_None";"hs_asthma";0;0,14659747909081;0,133325121004541;0,073455131039439;0,00262806777383939;0,290566890407781;-0,00617046558083123;0,270850959292806;1,99574184970278;0,0459620292796215;TRUE;100;"1";"Pregnancy"
"h_distinvnear1_preg_Log";"hs_asthma";0;0,100037900153188;0,100074321425681;0,0721031583344146;-0,0412816933538536;0,24135749366023;-0,0268719400399539;0,24228834911014;1,3874274368012;0,165311463528692;FALSE;100;"1";"Pregnancy"
"h_trafload_preg_pow1over3";"hs_asthma";0;-0,0412329730453184;-0,0358543057820449;0,0625204107641501;-0,163770726441703;0,0813047803510661;-0,15485317774454;0,0993262232381598;-0,659512190360749;0,509566920640839;FALSE;100;"1";"Pregnancy"
"h_trafnear_preg_pow1over3";"hs_asthma";0;-0,0446342918089105;-0,0477460944733285;0,0647997141590105;-0,171639397769061;0,0823708141512401;-0,191730279542815;0,0637586568983078;-0,688803837921006;0,490946720127781;FALSE;100;"1";"Pregnancy"
"h_bro_preg_Log";"hs_asthma";0;0,0477757225155448;0,0411152397082868;0,0712140771006039;-0,0918013037938974;0,187352748824987;-0,0859689617171485;0,152437739066544;0,670874698664594;0,502300355720612;FALSE;100;"1";"Pregnancy"
"h_clf_preg_Log";"hs_asthma";0;0,00963247318012853;0,0130447677782412;0,0636001750203281;-0,115021579270159;0,134286525630416;-0,114134045527462;0,159982543978093;0,151453564035787;0,879617938738915;FALSE;100;"1";"Pregnancy"
"h_thm_preg_Log";"hs_asthma";0;0,110352751912143;0,109493468173125;0,0675477366334382;-0,0220383791265931;0,242743882950878;-0,0224576857818467;0,231663667130495;1,63370021575993;0,102321813050529;FALSE;100;"1";"Pregnancy"
"e3_alcpreg_yn_None_1";"hs_asthma";0;-0,178604388587414;-0,174016682911007;0,148234245997859;-0,469138172018668;0,11192939484384;-0,474258205344615;0,0776906904786133;-1,20487939467101;0,228249864246562;FALSE;100;"1";"Pregnancy"
"h_pamod_t3_None_Often";"hs_asthma";0;-0,154040725076977;-0,150318567482911;0,11256274813175;-0,374659657416059;0,0665782072621056;-0,387762846328979;0,0727463710014861;-1,36848760032652;0,171159500665632;FALSE;100;"1";"Pregnancy"
"h_pamod_t3_None_Sometimes";"hs_asthma";0;0,207271762226947;0,205502386673281;0,194788896122697;-0,174507458761853;0,589050983215747;-0,19016519727374;0,539236957421152;1,06408407436319;0,2872906146542;FALSE;100;"1";"Pregnancy"
"h_pamod_t3_None_Very Often";"hs_asthma";0;-0,253402642752786;-0,252628299468053;0,11321864975956;-0,475307118659777;-0,0314981668457942;-0,460140670794938;-0,00792766842513143;-2,23817050716408;0,0252099381520158;TRUE;100;"1";"Pregnancy"
"h_pavig_t3_None_Low";"hs_asthma";0;-0,473001478754798;-0,470120879976057;0,150533790572603;-0,768042286733394;-0,177960670776202;-0,779389722199081;-0,203562585112251;-3,1421614838475;0,00167705513699491;TRUE;100;"1";"Pregnancy"
"h_pavig_t3_None_Medium";"hs_asthma";0;-0,168960961852877;-0,156516893696983;0,149850417953453;-0,462662384109918;0,124740460404165;-0,478828792022962;0,123092698366142;-1,12753080145135;0,259518125216004;FALSE;100;"1";"Pregnancy"
"h_abs_ratio_preg_Log";"hs_zbmi_who";0;-0,0131216712121221;-0,0123419293827802;0,00747538222204098;-0,0277731511379935;0,0015298087137492;-0,0277700692907197;0,00471819605714891;-1,75531776468007;0,0792049695073025;FALSE;100;"1";"Pregnancy"
"h_no2_ratio_preg_Log";"hs_zbmi_who";0;-0,00286580392578427;-0,00264890225634638;0,00602161234005762;-0,0146679472411592;0,00893633938959062;-0,0150983142420428;0,00788777287650604;-0,475919697905503;0,634131588289455;FALSE;100;"1";"Pregnancy"
"h_pm10_ratio_preg_None";"hs_zbmi_who";0;-0,0196765567024512;-0,0190364299350434;0,005648593815049;-0,0307475971432429;-0,00860551626165944;-0,0301317693401735;-0,00902013583504429;-3,48344337488542;0,000495007824344893;TRUE;100;"1";"Pregnancy"
"h_pm25_ratio_preg_None";"hs_zbmi_who";0;0,00989183529574906;0,0107678233856203;0,00532564043579271;-0,000546228153014845;0,020329898744513;-0,000713008066166446;0,0212233512061224;1,85739826317747;0,0632545134062862;FALSE;100;"1";"Pregnancy"
"h_accesslines300_preg_dic0";"hs_zbmi_who";0;0,0576921719556204;0,0552317914461201;0,0131188865849918;0,0319796267317707;0,08340471717947;0,0267043519099452;0,0824290616098602;4,39764240523437;1,09433083007622e-05;TRUE;100;"1";"Pregnancy"
"h_accesspoints300_preg_Log";"hs_zbmi_who";0;0,00163410360905131;0,00215994808402831;0,00576563186606865;-0,0096663271965597;0,0129345344146623;-0,00837016520577053;0,0125402378910462;0,283421426655452;0,776853805374219;FALSE;100;"1";"Pregnancy"
"h_builtdens300_preg_Sqrt";"hs_zbmi_who";0;-0,00253146103391532;-0,0026388248110877;0,00554403142046555;-0,0133975629471862;0,0083346408793556;-0,0131381330829692;0,00791588053215334;-0,456610152779896;0,647951280386927;FALSE;100;"1";"Pregnancy"
"h_connind300_preg_Sqrt";"hs_zbmi_who";0;-0,00521161003886213;-0,00478104951115761;0,00552894950132665;-0,0160481519338031;0,00562493185607879;-0,0139564435904631;0,00502720163773396;-0,942604022267092;0,345883481695435;FALSE;100;"1";"Pregnancy"
"h_fdensity300_preg_Log";"hs_zbmi_who";0;-0,022454681483065;-0,0210340283920049;0,00673239260719339;-0,0356499285229478;-0,00925943444318229;-0,033011564686257;-0,00850422519120976;-3,33531966912815;0,000852013941450905;TRUE;100;"1";"Pregnancy"
"h_frichness300_preg_None";"hs_zbmi_who";0;0,00364985612450532;0,00376070619006561;0,0058108949903168;-0,00773928877445983;0,0150390010234705;-0,00758567183785351;0,0130487287061474;0,628105675732808;0,529934715217835;FALSE;100;"1";"Pregnancy"
"h_landuseshan300_preg_None";"hs_zbmi_who";0;0,00619547072944548;0,00593821091346678;0,00491689802421117;-0,00344147231366456;0,0158324137725555;-0,00301237892094974;0,0146411298225432;1,26003644959455;0,207656213633006;FALSE;100;"1";"Pregnancy"
"h_popdens_preg_Sqrt";"hs_zbmi_who";0;0,00944750626154427;0,00770641398651035;0,00726679832849187;-0,00479515674521566;0,0236901692683042;-0,00621216483612017;0,0207187092738376;1,30009198473311;0,19356944446776;FALSE;100;"1";"Pregnancy"
"h_walkability_mean_preg_None";"hs_zbmi_who";0;-0,00619426635131889;-0,00570431897517648;0,00570485327705605;-0,017375573311434;0,00498704060879627;-0,015402942227286;0,00574046893138743;-1,08578889771472;0,277572399410036;FALSE;100;"1";"Pregnancy"
"hs_as_m_Log2";"hs_zbmi_who";0;0,011404349890109;0,0105665900540682;0,00452557525265617;0,00253438538557715;0,0202743143946409;0,00312109123874712;0,0206713832312434;2,51997795935787;0,0117362182905263;TRUE;100;"1";"Pregnancy"
"hs_cd_m_Log2";"hs_zbmi_who";0;0,00468761163053179;0,004011033541199;0,0050265922445189;-0,0051643281336936;0,0145395513947572;-0,00616041185125533;0,0132739310136265;0,932562539888383;0,351045882200215;FALSE;100;"1";"Pregnancy"
"hs_co_m_Log2";"hs_zbmi_who";0;0,00799649827996908;0,00813429727506764;0,00515825709011392;-0,00211349983965258;0,0181064963995907;-0,00053824236763787;0,0174843686525544;1,55023259606327;0,121085698824701;FALSE;100;"1";"Pregnancy"
"hs_cs_m_Log2";"hs_zbmi_who";0;0,000734472005005807;0,000798914250049525;0,00492044947268869;-0,00890943174921313;0,0103783757592247;-0,00860447963061176;0,00954481379142097;0,149269291165888;0,881341145867273;FALSE;100;"1";"Pregnancy"
"hs_cu_m_Log2";"hs_zbmi_who";0;-0,00660463691966134;-0,00600985780481273;0,00412955995081797;-0,0146984256952636;0,00148915185594088;-0,0132811776113811;0,00091498004723895;-1,59935610532864;0,109741499663806;FALSE;100;"1";"Pregnancy"
"hs_hg_m_Log2";"hs_zbmi_who";0;-0,00469231594696767;-0,00519548126044023;0,00569419040457413;-0,0158527240610465;0,00646809216711118;-0,017061316720218;0,00376389456478153;-0,824053221542845;0,409909318069351;FALSE;100;"1";"Pregnancy"
"hs_mn_m_Log2";"hs_zbmi_who";0;-0,00103009109824704;-0,00105583610851041;0,00506445993837403;-0,0109562501786061;0,00889606798211199;-0,00911412342030753;0,007864745062053;-0,203396040403424;0,838825494430051;FALSE;100;"1";"Pregnancy"
"hs_mo_m_Log2";"hs_zbmi_who";0;0,000634586933683435;0,00132160019800277;0,00510062086925757;-0,00936244626885479;0,0106316201362217;-0,00898848183713803;0,0102926941534202;0,124413664522335;0,900987754682691;FALSE;100;"1";"Pregnancy"
"hs_pb_m_Log2";"hs_zbmi_who";0;0,00139297529793065;0,00179645198415796;0,00458886220095391;-0,00760102934595621;0,0103869799418175;-0,00841740110831876;0,00895895755767904;0,30355570442736;0,76146640270016;FALSE;100;"1";"Pregnancy"
"h_humidity_preg_None";"hs_zbmi_who";0;0,0166624752242717;0,0163659565887426;0,00601153005435253;0,00488009282576065;0,0284448576227828;0,00639996666572893;0,0282436284353455;2,77175279398422;0,005575536106997;TRUE;100;"1";"Pregnancy"
"h_pressure_preg_None";"hs_zbmi_who";0;-0,00665927619689532;-0,00639390298481271;0,00601501226717204;-0,0184484836071191;0,00512993121332849;-0,0192146997756134;0,00650399026146341;-1,10710932930918;0,268246662475756;FALSE;100;"1";"Pregnancy"
"h_temperature_preg_None";"hs_zbmi_who";0;0,00670830274500837;0,00677813523148927;0,00637359099413563;-0,0057837060556863;0,019200311545703;-0,00545007911556799;0,0196411681443709;1,05251541104233;0,292563143733207;FALSE;100;"1";"Pregnancy"
"h_ndvi100_preg_None";"hs_zbmi_who";0;0,00386842050673922;0,0039066187601984;0,00641651431274552;-0,00870771645252778;0,0164445574660062;-0,00814754404136165;0,0158962567636175;0,602885042904858;0,546585166803083;FALSE;100;"1";"Pregnancy"
"hs_dde_madj_Log2";"hs_zbmi_who";0;0,00403143657309688;0,00336917921791591;0,00554849187648795;-0,00684340767333256;0,0149062808195263;-0,0071647033835934;0,0141358441570358;0,726582405244266;0,467481809854746;FALSE;100;"1";"Pregnancy"
"hs_ddt_madj_Log2";"hs_zbmi_who";0;-0,00182757949715777;-0,00116549562481818;0,00496940466118047;-0,011567433657677;0,00791227466336142;-0,00946384406229188;0,00753379888474507;-0,367766286258449;0,713047509568056;FALSE;100;"1";"Pregnancy"
"hs_hcb_madj_Log2";"hs_zbmi_who";0;-0,00864657505746098;-0,00805550795572119;0,00466455897065357;-0,0177889426437052;0,00049579252878325;-0,0164038262896584;0,00108799960307696;-1,85367472291801;0,0637857101125136;FALSE;100;"1";"Pregnancy"
"hs_pcb118_madj_Log2";"hs_zbmi_who";0;0,0100232156555593;0,00937380913997176;0,00615508543749923;-0,00204053012370618;0,0220869614348247;-0,00111203738361204;0,019980624760442;1,62844460200241;0,103430646758342;FALSE;100;"1";"Pregnancy"
"hs_pcb138_madj_Log2";"hs_zbmi_who";0;-0,00759583361571083;-0,00568823531277343;0,00725832816088749;-0,0218218953990232;0,00663022816760149;-0,0187836015009303;0,00795183311656084;-1,04649906250341;0,295330677538587;FALSE;100;"1";"Pregnancy"
"hs_pcb153_madj_Log2";"hs_zbmi_who";0;-0,00586386794251872;-0,00509487700617945;0,00772647679350479;-0,0210074841851726;0,0092797483001352;-0,0213221590655355;0,0102003506741948;-0,75893167082934;0,447893432287141;FALSE;100;"1";"Pregnancy"
"hs_pcb170_madj_Log2";"hs_zbmi_who";0;-0,000452146969234125;0,000172647772054966;0,00597096512628749;-0,0121550235697023;0,011250729631234;-0,0116453382675955;0,0101775281550029;-0,0757242689701074;0,939638467579049;FALSE;100;"1";"Pregnancy"
"hs_pcb180_madj_Log2";"hs_zbmi_who";0;0,00714187914508433;0,00778154637653935;0,00633203428409507;-0,00526868000061488;0,0195524382907835;-0,00191295095875269;0,0202215737011182;1,1278964744432;0,259363642982937;FALSE;100;"1";"Pregnancy"
"hs_sumPCBs5_madj_Log2";"hs_zbmi_who";0;0,00952174151499217;0,00993186455994104;0,00726686725074261;-0,00472105657689693;0,0237645396068813;-0,0036114115882657;0,0234772592653014;1,31029523265602;0,190095979608108;FALSE;100;"1";"Pregnancy"
"hs_pfhxs_m_Log2";"hs_zbmi_who";0;-0,00242669953749695;-0,000838267245303913;0,00527780048002487;-0,0127709983959339;0,00791759932094001;-0,00972543873530083;0,0116644600055747;-0,459793724048756;0,645664288396739;FALSE;100;"1";"Pregnancy"
"hs_pfna_m_Log2";"hs_zbmi_who";0;-0,00229533635010265;-0,00106537278558226;0,00520533771924318;-0,0124976108071872;0,00790693810698185;-0,0113037463746374;0,00863877966088473;-0,440958199814243;0,659243258549602;FALSE;100;"1";"Pregnancy"
"hs_pfoa_m_Log2";"hs_zbmi_who";0;0,00213950755334701;0,00205991782461112;0,00521206013723851;-0,00807594260089737;0,0123549577075914;-0,0074214352975486;0,0117364319760248;0,41049172438762;0,68144527294096;FALSE;100;"1";"Pregnancy"
"hs_pfos_m_Log2";"hs_zbmi_who";0;0,00508143681996207;0,00504150068210531;0,00507183293251148;-0,0048591730633646;0,0150220467032887;-0,00410647355623814;0,0138996969640943;1,00189357330543;0,316394996868144;FALSE;100;"1";"Pregnancy"
"hs_pfunda_m_Log2";"hs_zbmi_who";0;-0,00115638210266588;-0,00203178931931622;0,00568371710295916;-0,0122962629227802;0,0099834987174484;-0,0141522820684952;0,00793158907679365;-0,203455253264421;0,838779216905369;FALSE;100;"1";"Pregnancy"
"e3_asmokcigd_p_None";"hs_zbmi_who";0;0,00059428078243882;0,000865913469884252;0,00517903434622914;-0,00955644001086623;0,0107450015757439;-0,00895039569522858;0,0104381262728698;0,114747410947664;0,908645333588806;FALSE;100;"1";"Pregnancy"
"h_distinvnear1_preg_Log";"hs_zbmi_who";0;-0,0026239633311286;-0,00315664487626287;0,00537350448202527;-0,0131558385866627;0,00790791192440548;-0,0137193019549007;0,00743433703161837;-0,48831509118601;0,625326673746537;FALSE;100;"1";"Pregnancy"
"h_trafload_preg_pow1over3";"hs_zbmi_who";0;0,00234170869455325;0,00164474483092514;0,00450787965996579;-0,00649357308562037;0,0111769904747269;-0,00581198802959327;0,01009451002244;0,519470099290764;0,603432958825201;FALSE;100;"1";"Pregnancy"
"h_trafnear_preg_pow1over3";"hs_zbmi_who";0;-0,00896295000282886;-0,00925537972321204;0,00582011590519373;-0,0203701675628573;0,00244426755719958;-0,020734559181281;0,000864310163395209;-1,53999510470754;0,123561546680497;FALSE;100;"1";"Pregnancy"
"h_bro_preg_Log";"hs_zbmi_who";0;0,0069955605776613;0,00810528685176267;0,00717973075767344;-0,00707645312607312;0,0210675742813957;-0,00600641375757164;0,0200406618119605;0,974348595201108;0,329883483744647;FALSE;100;"1";"Pregnancy"
"h_clf_preg_Log";"hs_zbmi_who";0;-0,0127647204942473;-0,0124841663348717;0,00573452233079086;-0,024004177731138;-0,00152526325735651;-0,0236121090877163;-0,00123827274125497;-2,22594311399026;0,0260179920054321;TRUE;100;"1";"Pregnancy"
"h_thm_preg_Log";"hs_zbmi_who";0;-0,0109456824528865;-0,0102413603208418;0,00578994790029388;-0,0222937718098258;0,000402406904052841;-0,0221343525453633;0,00212039433613055;-1,89046303030307;0,0586960604892613;FALSE;100;"1";"Pregnancy"
"e3_alcpreg_yn_None_1";"hs_zbmi_who";0;-0,00777797203422567;-0,006621807073494;0,00996541870095729;-0,0273098337789639;0,0117538897105125;-0,0223909282916694;0,0134585520376221;-0,780496260882497;0,435098827562893;FALSE;100;"1";"Pregnancy"
"h_pamod_t3_None_Often";"hs_zbmi_who";0;0,0718993876820564;0,0706016811614547;0,0118200573669157;0,0487325009477044;0,0950662744164085;0,0496604071501291;0,0907619592067979;6,08282899567837;1,18080268600991e-09;TRUE;100;"1";"Pregnancy"
"h_pamod_t3_None_Sometimes";"hs_zbmi_who";0;0,0714926136164328;0,0701820745448312;0,0138016275471934;0,0444419206958979;0,0985433065369677;0,0461802827388944;0,098973917420006;5,18001325365219;2,21870135792837e-07;TRUE;100;"1";"Pregnancy"
"h_pamod_t3_None_Very Often";"hs_zbmi_who";0;0,0887698964361712;0,0859501153545158;0,0107066161942887;0,067785314299072;0,10975447857327;0,0619904873445533;0,104018212843305;8,29112530283138;1,12182028108905e-16;TRUE;100;"1";"Pregnancy"
"h_pavig_t3_None_Low";"hs_zbmi_who";0;0,0929297217054596;0,0924334719720714;0,0127805704697106;0,0678802638829506;0,117979179527969;0,0709619500167502;0,116241919492268;7,27117165275985;3,56382731395717e-13;TRUE;100;"1";"Pregnancy"
"h_pavig_t3_None_Medium";"hs_zbmi_who";0;0,0973136448423597;0,0952392261926074;0,0138993820987465;0,0700713565214559;0,124555933163264;0,0679458433145127;0,121638252680988;7,00129287410093;2,53611156802773e-12;TRUE;100;"1";"Pregnancy"
"h_abs_ratio_preg_Log";"hs_correct_raven";0;-0,0063783051481825;-0,00847415585373507;0,00948728073129498;-0,0249730336927415;0,0122164233963765;-0,0225057254697656;0,00760111242778998;-0,672300665367987;0,501392306264163;FALSE;100;"1";"Pregnancy"
"h_no2_ratio_preg_Log";"hs_correct_raven";0;0,0134142891393391;0,0137598806559584;0,00804340190401535;-0,00235048890571187;0,0291790671843901;-0,00259027319177128;0,027502420891615;1,66773826540267;0,0953676957073206;FALSE;100;"1";"Pregnancy"
"h_pm10_ratio_preg_None";"hs_correct_raven";0;-0,0379800962250121;-0,0376870939367985;0,00964745375494651;-0,056888758127223;-0,0190714343228013;-0,0545702402033378;-0,020521257688019;-3,93680002928635;8,25753616097484e-05;TRUE;100;"1";"Pregnancy"
"h_pm25_ratio_preg_None";"hs_correct_raven";0;0,0370927576913541;0,0369761916365148;0,00750889402243891;0,0223755958436457;0,0518099195390624;0,0228501884431658;0,0527807598056313;4,93984301556386;7,81854911451835e-07;TRUE;100;"1";"Pregnancy"
"h_accesslines300_preg_dic0";"hs_correct_raven";0;0,0843744096244936;0,0829934325454492;0,0220397615693146;0,0411772707207869;0,1275715485282;0,043080172493199;0,125404074674501;3,82828141580106;0,000129041162312904;TRUE;100;"1";"Pregnancy"
"h_accesspoints300_preg_Log";"hs_correct_raven";0;0,0165626412038712;0,0165327183934815;0,00795205712685131;0,000976895632237599;0,0321483867755049;-0,000107127420051022;0,0300586616198302;2,08281215032334;0,0372683496291403;TRUE;100;"1";"Pregnancy"
"h_builtdens300_preg_Sqrt";"hs_correct_raven";0;0,00291826010381073;0,00282092965083491;0,00741077378598947;-0,0116065896143022;0,0174431098219236;-0,0106398487878006;0,016423176474386;0,393786153522576;0,693738928057428;FALSE;100;"1";"Pregnancy"
"h_connind300_preg_Sqrt";"hs_correct_raven";0;-0,0100501171145215;-0,0101725474761256;0,00624992282857107;-0,0222997407646755;0,00219950653563255;-0,0214426249798578;0,00139957213796822;-1,6080385934652;0,107826726564447;FALSE;100;"1";"Pregnancy"
"h_fdensity300_preg_Log";"hs_correct_raven";0;-0,000565152896421345;-0,000449393633812646;0,00835636281493291;-0,0169433230554396;0,0158130172625969;-0,0151730885608591;0,0150125879658821;-0,0676314455149566;0,946079022798653;FALSE;100;"1";"Pregnancy"
"h_frichness300_preg_None";"hs_correct_raven";0;0,00905749222307768;0,00813721647231723;0,00769218678153945;-0,0060189168310947;0,0241339012772501;-0,00611253790853051;0,0201470188449388;1,17749249729802;0,238998990369208;FALSE;100;"1";"Pregnancy"
"h_landuseshan300_preg_None";"hs_correct_raven";0;0,00362320193165112;0,00389208814402712;0,00529800539741087;-0,00676069783717301;0,0140071017004752;-0,00581929237475722;0,0126893732237844;0,683880377589228;0,494050705753561;FALSE;100;"1";"Pregnancy"
"h_popdens_preg_Sqrt";"hs_correct_raven";0;-0,017219746276819;-0,0173319869560385;0,00766830893377439;-0,0322493556093435;-0,00219013694429447;-0,036058773548744;-0,00323764048983999;-2,24557284083537;0,0247313817252625;TRUE;100;"1";"Pregnancy"
"h_walkability_mean_preg_None";"hs_correct_raven";0;0,00518438630820352;0,00530722168493949;0,00652753975959994;-0,00760935652826559;0,0179781291446726;-0,00557657678534222;0,0176973264933578;0,794232819582438;0,427059905547189;FALSE;100;"1";"Pregnancy"
"hs_as_m_Log2";"hs_correct_raven";0;0,00291290001582657;0,00380843311015956;0,00615387995857842;-0,00914848306816997;0,0149742830998231;-0,00646868652826623;0,0165260608079907;0,473343652367809;0,635968023497237;FALSE;100;"1";"Pregnancy"
"hs_cd_m_Log2";"hs_correct_raven";0;-0,00183088864331541;-0,00183307352485343;0,00552665108343672;-0,0126629257219707;0,00900114843533983;-0,0121988771853047;0,00716523609496169;-0,331283559550657;0,740430308426624;FALSE;100;"1";"Pregnancy"
"hs_co_m_Log2";"hs_correct_raven";0;0,0136064517172289;0,0134799736606778;0,00568598317510932;0,00246212947731389;0,0247507739571438;0,00208412510592578;0,024571791315932;2,39298135400607;0,0167120903709769;TRUE;100;"1";"Pregnancy"
"hs_cs_m_Log2";"hs_correct_raven";0;0,000450054888152464;0,00031408304818355;0,00645967583194915;-0,0122106770942717;0,0131107868705766;-0,0117242664211919;0,013836734059779;0,0696714355117513;0,944455177676687;FALSE;100;"1";"Pregnancy"
"hs_cu_m_Log2";"hs_correct_raven";0;-0,00492764512323475;-0,00621006103718315;0,00563198824614125;-0,0159661392470245;0,00611084900055501;-0,0158835375817766;0,00540022259011211;-0,874938815188564;0,381607197863721;FALSE;100;"1";"Pregnancy"
"hs_hg_m_Log2";"hs_correct_raven";0;-0,00378209380682512;-0,00456080213954791;0,00659827898124185;-0,0167144829700068;0,00915029535635654;-0,0169875824292376;0,00565577878694691;-0,573193982488037;0,566513358302837;FALSE;100;"1";"Pregnancy"
"hs_mn_m_Log2";"hs_correct_raven";0;-0,00471510840725324;-0,0050047744546093;0,00600196277003201;-0,0164787392730662;0,00704852245855976;-0,0166813833470215;0,00681775457381337;-0,78559441101433;0,4321051398267;FALSE;100;"1";"Pregnancy"
"hs_mo_m_Log2";"hs_correct_raven";0;0,0109187416599121;0,0107684074012891;0,00439255725718765;0,00230948763579423;0,0195279956840299;0,00283309687891835;0,0185984999775771;2,48573690008149;0,0129283506714545;TRUE;100;"1";"Pregnancy"
"hs_pb_m_Log2";"hs_correct_raven";0;0,0081949932768893;0,00828154341477352;0,00507721033364732;-0,00175615611899405;0,0181461426727726;-0,00256441492862371;0,0169871066176058;1,6140740167056;0,106511372548658;FALSE;100;"1";"Pregnancy"
"h_humidity_preg_None";"hs_correct_raven";0;0,0165882409811098;0,0159923330891971;0,010197962774552;-0,00339939877269228;0,036575880734912;-0,00608061692881844;0,0340055147522172;1,62662301754073;0,103817187668052;FALSE;100;"1";"Pregnancy"
"h_pressure_preg_None";"hs_correct_raven";0;-0,00436347938073382;-0,00412294042737197;0,00873087786498599;-0,0214756855495243;0,0127487267880567;-0,0217937342468404;0,0103686225613604;-0,499775560740916;0,617233120880445;FALSE;100;"1";"Pregnancy"
"h_temperature_preg_None";"hs_correct_raven";0;0,0156957082751982;0,0146244022946553;0,00792538699278201;0,000162235205803251;0,0312291813445931;0,00104542080872274;0,0305916061670593;1,98043430427977;0,0476547485031835;TRUE;100;"1";"Pregnancy"
"h_ndvi100_preg_None";"hs_correct_raven";0;0,0033412395431407;0,00336448829596343;0,0094503778470496;-0,0151811606773717;0,0218636397636531;-0,0135555980711472;0,0232789848010219;0,353556185500439;0,723671514929197;FALSE;100;"1";"Pregnancy"
"hs_dde_madj_Log2";"hs_correct_raven";0;-0,0114044579812841;-0,011506838698067;0,00664814679670299;-0,0244345862667573;0,00162567030418909;-0,0216891243914571;0,00103083034030835;-1,71543413977259;0,086265660647489;FALSE;100;"1";"Pregnancy"
"hs_ddt_madj_Log2";"hs_correct_raven";0;-0,00046947298077408;-0,000588150243008387;0,00553916355297349;-0,011326034049079;0,0103870880875309;-0,00942594483211606;0,0123318364173931;-0,0847552119167994;0,932456001071686;FALSE;100;"1";"Pregnancy"
"hs_hcb_madj_Log2";"hs_correct_raven";0;-0,000987310519314577;-0,000202304037179136;0,00706031170974255;-0,0148252671900364;0,0128506461514072;-0,0140540528332278;0,0138474221065114;-0,13983950849538;0,888786796708809;FALSE;100;"1";"Pregnancy"
"hs_pcb118_madj_Log2";"hs_correct_raven";0;0,00380557837850131;0,0051496121673414;0,00886040260332851;-0,0135604916125475;0,0211716483695501;-0,0116545720138349;0,022578045217949;0,429504002117432;0,667556482005946;FALSE;100;"1";"Pregnancy"
"hs_pcb138_madj_Log2";"hs_correct_raven";0;0,0116180841837714;0,0103778593628126;0,00738137930920213;-0,00284915341849388;0,0260853217860368;-0,00635871918660977;0,0224855994959546;1,57397197692951;0,115493928144698;FALSE;100;"1";"Pregnancy"
"hs_pcb153_madj_Log2";"hs_correct_raven";0;-0,00940022405976481;-0,00823977933680093;0,0113089741738616;-0,0315654061426271;0,0127649580230975;-0,0302860007165095;0,0145955408793378;-0,831218103008099;0,405850429858734;FALSE;100;"1";"Pregnancy"
"hs_pcb170_madj_Log2";"hs_correct_raven";0;0,0177642831959515;0,0179298444933537;0,00954628762809473;-0,000946096741174459;0,0364746631330775;-7,61161706020894e-05;0,0354017265343456;1,86085773737544;0,0627642693691259;FALSE;100;"1";"Pregnancy"
"hs_pcb180_madj_Log2";"hs_correct_raven";0;0,0333424890130197;0,0334870004079331;0,0084262013183623;0,0168274379025457;0,0498575401234937;0,0192769052937647;0,0515285372712043;3,95700123380153;7,5896538949521e-05;TRUE;100;"1";"Pregnancy"
"hs_sumPCBs5_madj_Log2";"hs_correct_raven";0;0,0306439212671667;0,0305406295174968;0,009562417695669;0,011901926978527;0,0493859155558065;0,0134145455235082;0,0500408029535938;3,20462065582493;0,00135240593586362;TRUE;100;"1";"Pregnancy"
"hs_pfhxs_m_Log2";"hs_correct_raven";0;0,0226227200814221;0,0239416805837587;0,00796427674815636;0,0070130244921259;0,0382324156707184;0,0106338986885296;0,0397402075890848;2,84052410492378;0,00450394689513962;TRUE;100;"1";"Pregnancy"
"hs_pfna_m_Log2";"hs_correct_raven";0;-0,00265126902054954;-0,00315123440690276;0,0064558380187765;-0,0153044790273759;0,0100019409862768;-0,0152433883237454;0,00775047574930011;-0,410677748239415;0,681308845400541;FALSE;100;"1";"Pregnancy"
"hs_pfoa_m_Log2";"hs_correct_raven";0;0,00511836827270483;0,00604222382917821;0,00810407540350597;-0,0107653276461638;0,0210020641915734;-0,00688018540522777;0,0231015192369424;0,631579547062276;0,527661654822175;FALSE;100;"1";"Pregnancy"
"hs_pfos_m_Log2";"hs_correct_raven";0;0,00877999528543264;0,00966778437540452;0,00779369993708781;-0,00649537589757154;0,0240553664684368;-0,00579578256963767;0,0267839791188152;1,12655033633658;0,259932646989276;FALSE;100;"1";"Pregnancy"
"hs_pfunda_m_Log2";"hs_correct_raven";0;-0,00572206596749269;-0,00557177170011963;0,00540916726214468;-0,0163238389876494;0,004879707052664;-0,0167952541801169;0,00512468352641835;-1,05784600293982;0,290125655974962;FALSE;100;"1";"Pregnancy"
"e3_asmokcigd_p_None";"hs_correct_raven";0;-0,00200386328324363;-0,0010444578676714;0,00550259366580496;-0,0127887486897796;0,00878102212329232;-0,0114653923788637;0,00957962177514492;-0,364167046477798;0,715733273029031;FALSE;100;"1";"Pregnancy"
"h_distinvnear1_preg_Log";"hs_correct_raven";0;-0,00418344015935753;-0,00405238679369724;0,00537306300374665;-0,0147144501333656;0,00634756981465051;-0,0140740756648429;0,00721214504670892;-0,778595031631009;0,436218306712797;FALSE;100;"1";"Pregnancy"
"h_trafload_preg_pow1over3";"hs_correct_raven";0;-0,0126025886382047;-0,0128083783722244;0,00545418466719751;-0,0232925941509424;-0,00191258312546705;-0,0231596178316591;-0,000899712234431554;-2,31062741861292;0,0208534434250791;TRUE;100;"1";"Pregnancy"
"h_trafnear_preg_pow1over3";"hs_correct_raven";0;-0,0144882363786222;-0,014517570000727;0,00644746352892214;-0,0271250326869451;-0,00185144007029929;-0,0268168657849553;-0,00222046374084886;-2,24712188190451;0,0246322388324427;TRUE;100;"1";"Pregnancy"
"h_bro_preg_Log";"hs_correct_raven";0;0,0230230098696593;0,0226315212053455;0,0130648986122085;-0,00258372087193665;0,0486297406112552;-0,00309409394645871;0,0443859222800401;1,76220348531029;0,0780349234561228;FALSE;100;"1";"Pregnancy"
"h_clf_preg_Log";"hs_correct_raven";0;-0,0180490917015645;-0,0176567288378895;0,00598724156638497;-0,0297838695384203;-0,00631431386470881;-0,0279610458726075;-0,00547033911949389;-3,01459219599559;0,00257324989029936;TRUE;100;"1";"Pregnancy"
"h_thm_preg_Log";"hs_correct_raven";0;-0,00722654186235446;-0,00739661899450299;0,00891211948763387;-0,0246939750840344;0,0102408913593255;-0,0243356304661466;0,00790942094037921;-0,810866805857096;0,417442164569908;FALSE;100;"1";"Pregnancy"
"e3_alcpreg_yn_None_1";"hs_correct_raven";0;0,0256539958523762;0,0255634928104476;0,0111963072946687;0,00370963679498254;0,0475983549097698;0,00443078513405964;0,048265488377637;2,29129079590302;0,0219466005890862;TRUE;100;"1";"Pregnancy"
"h_pamod_t3_None_Often";"hs_correct_raven";0;0,156220313871617;0,15246711594596;0,0226222944671539;0,111881431468336;0,200559196274898;0,112467155886643;0,195829719454991;6,90559103535845;4,99948351887639e-12;TRUE;100;"1";"Pregnancy"
"h_pamod_t3_None_Sometimes";"hs_correct_raven";0;0,127125493879806;0,125310103431013;0,0242972956042774;0,0795036695736992;0,174747318185913;0,0783219612475618;0,172097690848266;5,23208409488283;1,67609461472058e-07;TRUE;100;"1";"Pregnancy"
"h_pamod_t3_None_Very Often";"hs_correct_raven";0;0,151111627597621;0,14814376786687;0,0201833999101736;0,111552890688112;0,190670364507131;0,11656096515377;0,183636870790784;7,48692629934228;7,05052668235883e-14;TRUE;100;"1";"Pregnancy"
"h_pavig_t3_None_Low";"hs_correct_raven";0;0,178491404852473;0,178977576992566;0,0225711530665586;0,134252757752477;0,222730051952468;0,137195771545702;0,217313393725465;7,90794357408908;2,61675362049674e-15;TRUE;100;"1";"Pregnancy"
"h_pavig_t3_None_Medium";"hs_correct_raven";0;0,138194517548868;0,138090429531919;0,0221253402864308;0,0948296474417708;0,181559387655966;0,0973781684233023;0,18082275166417;6,24598382487348;4,21140759334503e-10;TRUE;100;"1";"Pregnancy"
"h_abs_ratio_preg_Log";"hs_Gen_Tot";0;-0,00939396123130658;-0,00908687558192868;0,00564348168807489;-0,0204549820873447;0,00166705962473151;-0,0194050705721479;0,000852121336694501;-1,66456839067215;0,0959988960317891;FALSE;100;"1";"Pregnancy"
"h_no2_ratio_preg_Log";"hs_Gen_Tot";0;-0,00388223398656654;-0,00327964959971256;0,00382661704892553;-0,0113822655850875;0,00361779761195445;-0,0103146798661851;0,00384502687508657;-1,01453423139288;0,310327903902863;FALSE;100;"1";"Pregnancy"
"h_pm10_ratio_preg_None";"hs_Gen_Tot";0;-0,0112054864307054;-0,0118477818763647;0,00464405700016084;-0,0203076708931718;-0,00210330196823907;-0,0204085770774922;-0,00362858069821601;-2,41286582621991;0,0158276449367533;TRUE;100;"1";"Pregnancy"
"h_pm25_ratio_preg_None";"hs_Gen_Tot";0;0,00273311999272678;0,00331998321221384;0,00354760359765229;-0,00422005529009642;0,00968629527554998;-0,00324657619624174;0,00941294064481432;0,770413017546686;0,441054933969509;FALSE;100;"1";"Pregnancy"
"h_accesslines300_preg_dic0";"hs_Gen_Tot";0;0,0387938558894902;0,0376736736350009;0,0112697261700016;0,0167055984806585;0,0608821132983218;0,0174799209212123;0,0608609634865217;3,4423068763422;0,000576775535594204;TRUE;100;"1";"Pregnancy"
"h_accesspoints300_preg_Log";"hs_Gen_Tot";0;0,00705028149991635;0,00674826320425841;0,00386928052939878;-0,000533368983787323;0,01463393198362;-0,000781126310983849;0,0145939076903396;1,82211691459132;0,0684372477465838;FALSE;100;"1";"Pregnancy"
"h_builtdens300_preg_Sqrt";"hs_Gen_Tot";0;-0,00262045771117492;-0,00217236619685253;0,00317354683136158;-0,00884049520389482;0,00359957978154499;-0,00805782801813511;0,0048587371812968;-0,825718935444426;0,4089635482974;FALSE;100;"1";"Pregnancy"
"h_connind300_preg_Sqrt";"hs_Gen_Tot";0;0,00179527362262349;0,00132093320448014;0,00365396934245201;-0,00536637468919595;0,00895692193444294;-0,00652671184954939;0,00762704574352605;0,491321479292644;0,62319909035324;FALSE;100;"1";"Pregnancy"
"h_fdensity300_preg_Log";"hs_Gen_Tot";0;-0,0121142876560987;-0,0115115009737261;0,00448353451187899;-0,0209018538228239;-0,00332672148937351;-0,0200831669126132;-0,00270763535064773;-2,70195035278579;0,00689340547348597;TRUE;100;"1";"Pregnancy"
"h_frichness300_preg_None";"hs_Gen_Tot";0;0,00431253039056328;0,00374763584872524;0,00319958819185887;-0,00195854723083974;0,0105836080119663;-0,00210643524135146;0,00958033867241223;1,34783920053719;0,177710106665027;FALSE;100;"1";"Pregnancy"
"h_landuseshan300_preg_None";"hs_Gen_Tot";0;0,00515632010791487;0,00443659785988683;0,00323157675775981;-0,00117745395057108;0,0114900941664008;-0,000902772460708674;0,0116750334166445;1,59560502331664;0,110577005300416;FALSE;100;"1";"Pregnancy"
"h_popdens_preg_Sqrt";"hs_Gen_Tot";0;0,00474547000092002;0,00340279671876248;0,00428274216074446;-0,00364855038921036;0,0131394903910504;-0,00520096541624858;0,0104805097480982;1,108044757963;0,267842486616134;FALSE;100;"1";"Pregnancy"
"h_walkability_mean_preg_None";"hs_Gen_Tot";0;-0,000827326158383017;-0,000860396419198456;0,00344310520352984;-0,00757568835228396;0,00592103603551793;-0,0071208937124647;0,00548845915733361;-0,240284890956817;0,810109407220919;FALSE;100;"1";"Pregnancy"
"hs_as_m_Log2";"hs_Gen_Tot";0;0,00438811730225949;0,00454139159395982;0,00387254069177051;-0,00320192298227653;0,0119781575867955;-0,00147772012820389;0,0143662917479888;1,13313652496528;0,257156925019368;FALSE;100;"1";"Pregnancy"
"hs_cd_m_Log2";"hs_Gen_Tot";0;0,00333677834363522;0,00267366983533962;0,00414678500650402;-0,00479077092074336;0,0114643276080138;-0,00488537053884459;0,0113042460650614;0,804666347158498;0,421012244348798;FALSE;100;"1";"Pregnancy"
"hs_co_m_Log2";"hs_Gen_Tot";0;0,000370386773659972;0,00098926464408091;0,00351737466939312;-0,00652354089848402;0,00726431444580397;-0,00699019116802495;0,00758640403792385;0,105302052943901;0,91613613402057;FALSE;100;"1";"Pregnancy"
"hs_cs_m_Log2";"hs_Gen_Tot";0;-0,00660678686051105;-0,00607144559606271;0,00439772222110447;-0,0152261640278873;0,00201259030686519;-0,0141054264358772;0,00233779333088571;-1,50232018493696;0,133014438154231;FALSE;100;"1";"Pregnancy"
"hs_cu_m_Log2";"hs_Gen_Tot";0;-0,00253175248437265;-0,00264027350262799;0,00372534089275798;-0,00983328646431259;0,00476978149556728;-0,0109343581288121;0,00432375573935223;-0,679602902728809;0,496755931210244;FALSE;100;"1";"Pregnancy"
"hs_hg_m_Log2";"hs_Gen_Tot";0;-0,000331342547298043;-0,000927221288521332;0,00337595802476657;-0,0069480986891595;0,00628541359456342;-0,00788589611831302;0,00484079829094422;-0,0981477094404789;0,921815003719511;FALSE;100;"1";"Pregnancy"
"hs_mn_m_Log2";"hs_Gen_Tot";0;-0,0020948173729716;-0,0021787113074848;0,00314606856874629;-0,0082609984606078;0,00407136371466461;-0,00853132904642107;0,00302576733492444;-0,665852420949103;0,505505434598038;FALSE;100;"1";"Pregnancy"
"hs_mo_m_Log2";"hs_Gen_Tot";0;-0,00731337564184111;-0,00644784270520586;0,00378057812382051;-0,0147231726052693;9,64213215870965e-05;-0,0137482273855691;0,000207644209422006;-1,93445959911827;0,0530566447844879;FALSE;100;"1";"Pregnancy"
"hs_pb_m_Log2";"hs_Gen_Tot";0;-0,00353408119891891;-0,00266693508489463;0,00331702664869108;-0,010035333966113;0,00296717156827519;-0,00954378548714524;0,00345372618806876;-1,06543648068474;0,286678455577251;FALSE;100;"1";"Pregnancy"
"h_humidity_preg_None";"hs_Gen_Tot";0;0,0118443959781863;0,01115628332011;0,00356008603362387;0,00486675557041944;0,0188220363859531;0,00488331654477798;0,0179776253895127;3,32699711926053;0,000877872810117485;TRUE;100;"1";"Pregnancy"
"h_pressure_preg_None";"hs_Gen_Tot";0;0,0027661676550939;0,00227763564421232;0,00445125295437987;-0,00595812782156816;0,011490463131756;-0,00587923495355835;0,0108254032241066;0,621435735835252;0,534312965426659;FALSE;100;"1";"Pregnancy"
"h_temperature_preg_None";"hs_Gen_Tot";0;0,000177137975795274;0,00109509442607291;0,00399236250784815;-0,00764774875281512;0,00800202470440566;-0,00757149847188134;0,00825381862086234;0,0443692113246373;0,964610103273718;FALSE;100;"1";"Pregnancy"
"h_ndvi100_preg_None";"hs_Gen_Tot";0;0,00562838455676644;0,00551769871047026;0,00458847627525238;-0,00336486368664472;0,0146216328001776;-0,00226659573209125;0,015058199316853;1,22663477353533;0,21995989332117;FALSE;100;"1";"Pregnancy"
"hs_dde_madj_Log2";"hs_Gen_Tot";0;-0,00263438055132366;-0,00204757435558081;0,00357069012150414;-0,00963280458942473;0,0043640434867774;-0,00963053514926042;0,00406309777263457;-0,737779101988816;0,460648694502015;FALSE;100;"1";"Pregnancy"
"hs_ddt_madj_Log2";"hs_Gen_Tot";0;-0,00168111661611036;-0,00161379727762202;0,0028660723209992;-0,0072985151423559;0,00393628191013518;-0,00821275941699211;0,00357914896857802;-0,586557639803127;0,557500839292411;FALSE;100;"1";"Pregnancy"
"hs_hcb_madj_Log2";"hs_Gen_Tot";0;-0,004951756795525;-0,00493316991811155;0,00368726293641003;-0,0121786593524181;0,00227514576136806;-0,0140695957152719;0,00134221992252766;-1,34293563570655;0,179292816183764;FALSE;100;"1";"Pregnancy"
"hs_pcb118_madj_Log2";"hs_Gen_Tot";0;0,0138419136792126;0,0130993698439728;0,00545653533967552;0,00314730093307859;0,0245365264253467;0,00398645595392689;0,0239855975664978;2,53675873380044;0,0111884032012273;TRUE;100;"1";"Pregnancy"
"hs_pcb138_madj_Log2";"hs_Gen_Tot";0;-0,00907851491701347;-0,00798792944905342;0,00597230020018786;-0,020784008214243;0,00262697838021609;-0,0184813311487186;0,0021429234598867;-1,52010358031365;0,128484944922151;FALSE;100;"1";"Pregnancy"
"hs_pcb153_madj_Log2";"hs_Gen_Tot";0;-0,000202598150929921;-0,000439609441656282;0,00416386018563657;-0,00836361415143786;0,00795841784957801;-0,00901176345203304;0,00777434746501947;-0,0486563289585931;0,961193179068398;FALSE;100;"1";"Pregnancy"
"hs_pcb170_madj_Log2";"hs_Gen_Tot";0;0,00655853353689598;0,00618546925145422;0,00425280289075928;-0,00177680696234003;0,014893874036132;-0,00116409176334887;0,015572361111536;1,54216729657204;0,123032944938985;FALSE;100;"1";"Pregnancy"
"hs_pcb180_madj_Log2";"hs_Gen_Tot";0;0,00434806539348425;0,00433095748328376;0,00441791800491467;-0,00431089478279956;0,0130070255697681;-0,00530982806218575;0,0111617092299614;0,984188794053506;0,325022694537186;FALSE;100;"1";"Pregnancy"
"hs_sumPCBs5_madj_Log2";"hs_Gen_Tot";0;0,00692014398052814;0,00679919274726734;0,00439938401656189;-0,00170249024609432;0,0155427782071506;-0,00218355907430304;0,013829040327535;1,57298020688274;0,115723401396921;FALSE;100;"1";"Pregnancy"
"hs_pfhxs_m_Log2";"hs_Gen_Tot";0;0,000110497873445682;0,000671404220830974;0,00314058575251759;-0,00604493709184841;0,00626593283873978;-0,0058614479750051;0,00601271857189219;0,0351838421724686;0,971933146332852;FALSE;100;"1";"Pregnancy"
"hs_pfna_m_Log2";"hs_Gen_Tot";0;-0,00616577129530901;-0,00550339543451403;0,00450003651407264;-0,0149856807920066;0,00265413820138854;-0,0159311757355459;0,000844286337047125;-1,37016028115044;0,170636873870699;FALSE;100;"1";"Pregnancy"
"hs_pfoa_m_Log2";"hs_Gen_Tot";0;-0,00332986229253678;-0,0025681701310829;0,00383407857405552;-0,0108445182115823;0,00418479362650872;-0,00948254061089545;0,00578588351959467;-0,86849088463375;0,385125660266318;FALSE;100;"1";"Pregnancy"
"hs_pfos_m_Log2";"hs_Gen_Tot";0;-0,000309528647872711;0,000344783042347518;0,00366911454294615;-0,0075008610071993;0,00688180371145388;-0,00730670312974812;0,00674755264948621;-0,0843605846178278;0,932769744452873;FALSE;100;"1";"Pregnancy"
"hs_pfunda_m_Log2";"hs_Gen_Tot";0;0,000662405660218875;0,000449667438790365;0,00278047950422643;-0,0047872340278167;0,00611204534825445;-0,00527520155352043;0,00539232337530821;0,238234325846314;0,81169935523619;FALSE;100;"1";"Pregnancy"
"e3_asmokcigd_p_None";"hs_Gen_Tot";0;0,0026415366192746;0,00241496304788466;0,0034376237620818;-0,00409608214680481;0,00937915538535402;-0,00316337686439743;0,00924515878986511;0,768419350718855;0,442238087690021;FALSE;100;"1";"Pregnancy"
"h_distinvnear1_preg_Log";"hs_Gen_Tot";0;-0,00146199635070978;-0,00110765778086967;0,00301512092719534;-0,00737152477704566;0,00444753207562611;-0,00602168955692921;0,00624403211191264;-0,48488813086171;0,627755702227651;FALSE;100;"1";"Pregnancy"
"h_trafload_preg_pow1over3";"hs_Gen_Tot";0;-0,0029845643836816;-0,0028888175369294;0,00317084885221995;-0,00919931393445286;0,00323018516708966;-0,0100278165015201;0,00325563780323232;-0,941250915063981;0,346576290329204;FALSE;100;"1";"Pregnancy"
"h_trafnear_preg_pow1over3";"hs_Gen_Tot";0;-0,00065151226383919;-0,00112088126259406;0,00406782387403683;-0,00862430055240358;0,0073212760247252;-0,00755983124520308;0,00758071675099298;-0,160162358060169;0,872753180472578;FALSE;100;"1";"Pregnancy"
"h_bro_preg_Log";"hs_Gen_Tot";0;0,00132790193806574;0,00155919142654248;0,00521888343629781;-0,0089009216365906;0,0115567255127221;-0,00923894447148961;0,0113034455824346;0,25444176982955;0,7991542848381;FALSE;100;"1";"Pregnancy"
"h_clf_preg_Log";"hs_Gen_Tot";0;-0,00332600539249738;-0,00411176894863475;0,00324492549519991;-0,00968594249560501;0,00303393171061024;-0,0116689640938857;0,00252368973162745;-1,02498667455305;0,305369475260236;FALSE;100;"1";"Pregnancy"
"h_thm_preg_Log";"hs_Gen_Tot";0;-0,000673315942844779;-0,000581248474036164;0,00446219898087752;-0,00941906523721605;0,00807243335152649;-0,00866292145330427;0,00890875414584406;-0,150893302994831;0,880059883434332;FALSE;100;"1";"Pregnancy"
"e3_alcpreg_yn_None_1";"hs_Gen_Tot";0;-0,0038128875541484;-0,00328172824867948;0,00588719398907063;-0,0153515757427275;0,00772580063443073;-0,0149239933284563;0,00712900619113048;-0,647657875929839;0,517206255078397;FALSE;100;"1";"Pregnancy"
"h_pamod_t3_None_Often";"hs_Gen_Tot";0;0,0356033989889385;0,0351626423034062;0,00826600449092186;0,0194023278906853;0,0518044700871917;0,0189806761670766;0,0511232134097552;4,30720779646804;1,65328282507617e-05;TRUE;100;"1";"Pregnancy"
"h_pamod_t3_None_Sometimes";"hs_Gen_Tot";0;0,0175038647918166;0,01875332423512;0,0109771039382611;-0,00401086358172785;0,0390185931653611;-0,00497618321100862;0,0365188248721776;1,59457948929556;0,110806302233361;FALSE;100;"1";"Pregnancy"
"h_pamod_t3_None_Very Often";"hs_Gen_Tot";0;0,0349345131657582;0,0357567374871758;0,00788978934649285;0,0194708102010244;0,0503982161304919;0,0229076773651875;0,051815694375975;4,42781316858443;9,51933010079383e-06;TRUE;100;"1";"Pregnancy"
"h_pavig_t3_None_Low";"hs_Gen_Tot";0;0,0569412656684699;0,0553191957886765;0,00761511955547885;0,0420159056017647;0,0718666257351751;0,0394768539891608;0,0708434151239078;7,47739615296025;7,58096293309482e-14;TRUE;100;"1";"Pregnancy"
"h_pavig_t3_None_Medium";"hs_Gen_Tot";0;0,0610513093352191;0,0588283372036355;0,0101944991150722;0,0410704582292521;0,0810321604411862;0,0364023260325917;0,0771795591018661;5,98865217860058;2,11587108424509e-09;TRUE;100;"1";"Pregnancy"
"h_abs_ratio_preg_Log";"hs_bmi_c_cat";0;-0,0420494139525961;-0,0432027319990234;0,074026109380856;-0,187137922254696;0,103039094349504;-0,190000317047757;0,0938212325698878;-0,568034904228947;0,570011267471243;FALSE;100;"1";"Pregnancy"
"h_no2_ratio_preg_Log";"hs_bmi_c_cat";0;-0,0477074836688143;-0,0452230652720004;0,0676994056161414;-0,18039588045122;0,0849809131135914;-0,168871524926178;0,0585326221414473;-0,704695753745873;0,48099959442773;FALSE;100;"1";"Pregnancy"
"h_pm10_ratio_preg_None";"hs_bmi_c_cat";0;0,0238870959994304;0,0256741262433944;0,0616524755888408;-0,0969495357124323;0,144723727711293;-0,0805690453842394;0,122157591664791;0,387447475081666;0,698424962919985;FALSE;100;"1";"Pregnancy"
"h_pm25_ratio_preg_None";"hs_bmi_c_cat";0;-0,0493033400179372;-0,0493581554795305;0,0675287489459985;-0,181657255873141;0,083050575837267;-0,179918636551525;0,0750732950779847;-0,730108891212603;0,465323626968748;FALSE;100;"1";"Pregnancy"
"h_accesslines300_preg_dic0";"hs_bmi_c_cat";0;-0,040847962840829;-0,0509347025194095;0,172616024545519;-0,379169154104528;0,29747322842287;-0,397591846409492;0,310200377536794;-0,236640618670125;0,812935605887253;FALSE;100;"1";"Pregnancy"
"h_accesspoints300_preg_Log";"hs_bmi_c_cat";0;-0,135221230755034;-0,137629484498463;0,0737089305279435;-0,279688079928769;0,00924561841869959;-0,2977308172735;-0,0142320607646052;-1,83452981594641;0,0665753860722353;FALSE;100;"1";"Pregnancy"
"h_builtdens300_preg_Sqrt";"hs_bmi_c_cat";0;-0,011975073455561;-0,0116939471930297;0,0675815008631917;-0,144432381168579;0,120482234257457;-0,158385850557117;0,125969900366893;-0,177194547362935;0,859355578470516;FALSE;100;"1";"Pregnancy"
"h_connind300_preg_Sqrt";"hs_bmi_c_cat";0;-0,0521556673206236;-0,0526718287160166;0,0681460411532533;-0,185719453669984;0,0814081190287372;-0,193825571248058;0,0576380961885067;-0,765351390014439;0,444062330450918;FALSE;100;"1";"Pregnancy"
"h_fdensity300_preg_Log";"hs_bmi_c_cat";0;-0,153752494270655;-0,152187518525745;0,0803877484591098;-0,311309586048775;0,00380459750746573;-0,287211840056952;0,0104730353099177;-1,91263590805585;0,0557946794078549;FALSE;100;"1";"Pregnancy"
"h_frichness300_preg_None";"hs_bmi_c_cat";0;-0,0401816192232934;-0,0464305602215231;0,0756573526898031;-0,188467305660952;0,108104067214365;-0,202034808423681;0,0800205041140296;-0,531099989554736;0,595349491469211;FALSE;100;"1";"Pregnancy"
"h_landuseshan300_preg_None";"hs_bmi_c_cat";0;0,00166426872353065;0,00131463608976493;0,0633749608036446;-0,12254837197325;0,125876909420312;-0,132155619526609;0,109274301990741;0,0262606667116856;0,979049427500131;FALSE;100;"1";"Pregnancy"
"h_popdens_preg_Sqrt";"hs_bmi_c_cat";0;0,13836180857472;0,138652893361563;0,0868642003384188;-0,0318888956344528;0,308612512783893;-0,0417205968861121;0,287110351887544;1,59285192329716;0,111193413716662;FALSE;100;"1";"Pregnancy"
"h_walkability_mean_preg_None";"hs_bmi_c_cat";0;-0,0939690748985093;-0,098952209322686;0,0740274537955391;-0,239060218204969;0,0511220684079502;-0,234605062506226;0,0347935561734401;-1,26938142649142;0,204305057340017;FALSE;100;"1";"Pregnancy"
"hs_as_m_Log2";"hs_bmi_c_cat";0;0,0935897509379599;0,0929991971822209;0,0668314575880711;-0,0373974989689754;0,224577000844895;-0,0429660129913395;0,22954780166112;1,40038470378454;0,161398148042357;FALSE;100;"1";"Pregnancy"
"hs_cd_m_Log2";"hs_bmi_c_cat";0;0,0218391128686137;0,0204479394302205;0,0606397321633239;-0,0970125782036561;0,140690803940884;-0,0939855708274065;0,126741355604706;0,360145272571347;0,718738498494937;FALSE;100;"1";"Pregnancy"
"hs_co_m_Log2";"hs_bmi_c_cat";0;0,0535130490893407;0,0519255179073649;0,0744320802504938;-0,0923711474960221;0,199397245674704;-0,0890684220047273;0,194085719582803;0,718951410591345;0,472170858359989;FALSE;100;"1";"Pregnancy"
"hs_cs_m_Log2";"hs_bmi_c_cat";0;0,0885198607496821;0,0900258565450608;0,0633122300881228;-0,0355698300039517;0,212609551503316;-0,0143419709911692;0,225053002208759;1,39814788748514;0,162068662056107;FALSE;100;"1";"Pregnancy"
"hs_cu_m_Log2";"hs_bmi_c_cat";0;-0,0428000171121436;-0,0439063532425573;0,0565858200747854;-0,153706186494387;0,0681061522700993;-0,15330198963065;0,0544403926667058;-0,756373541208344;0,449425266991497;FALSE;100;"1";"Pregnancy"
"hs_hg_m_Log2";"hs_bmi_c_cat";0;-0,0481505902148449;-0,0477234525905843;0,0699034484301097;-0,185158831533013;0,088857651103323;-0,195469424229646;0,0762792995738599;-0,688815663550367;0,490939277318516;FALSE;100;"1";"Pregnancy"
"hs_mn_m_Log2";"hs_bmi_c_cat";0;0,0309066333889188;0,0302288419916831;0,0693435264385639;-0,105004180991668;0,166817447769505;-0,0865336655814303;0,169181237735087;0,445703225322713;0,655811634471891;FALSE;100;"1";"Pregnancy"
"hs_mo_m_Log2";"hs_bmi_c_cat";0;0,0614376001785545;0,0583278626295716;0,0716369265981153;-0,078968195916891;0,201843396274;-0,110638831991048;0,167236878239131;0,857624734841302;0,391099712326175;FALSE;100;"1";"Pregnancy"
"hs_pb_m_Log2";"hs_bmi_c_cat";0;0,0322750806949389;0,035420284257138;0,0607367824684785;-0,0867668254801227;0,151316986870001;-0,0662048873616827;0,146011951936804;0,531392664925727;0,595146703416025;FALSE;100;"1";"Pregnancy"
"h_humidity_preg_None";"hs_bmi_c_cat";0;0,0114211998221168;0,0152188875668851;0,0665244533904373;-0,118964332914354;0,141806732558587;-0,0945025752539554;0,129878858428053;0,171684233992648;0,863685781217721;FALSE;100;"1";"Pregnancy"
"h_pressure_preg_None";"hs_bmi_c_cat";0;-0,110459593735451;-0,109702930146718;0,0596118940639223;-0,227296759150956;0,00637757168005369;-0,227033081518202;0,00404126177153679;-1,85297909871819;0,0638853545225376;FALSE;100;"1";"Pregnancy"
"h_temperature_preg_None";"hs_bmi_c_cat";0;0,0285329814306992;0,0286587999763365;0,0767113769373452;-0,121818554570974;0,178884517432372;-0,127206013329477;0,153797327814567;0,371952408754229;0,709928283439242;FALSE;100;"1";"Pregnancy"
"h_ndvi100_preg_None";"hs_bmi_c_cat";0;-0,0256066971038249;-0,0245587182959616;0,0714979652831172;-0,16574013402663;0,11452673981898;-0,149722691421466;0,132141353699377;-0,358145815792487;0,720234193932649;FALSE;100;"1";"Pregnancy"
"hs_dde_madj_Log2";"hs_bmi_c_cat";0;0,133533970593239;0,136025668409576;0,0685423787569593;-0,000806623185104383;0,267874564371582;0,0075403833908876;0,270024680738286;1,94819574422315;0,051391545857615;FALSE;100;"1";"Pregnancy"
"hs_ddt_madj_Log2";"hs_bmi_c_cat";0;-0,00335489333358452;-0,000855511379033291;0,063417580754289;-0,127651067598651;0,120941280931482;-0,112476164107213;0,101028321296473;-0,0529016290700686;0,957810286405562;FALSE;100;"1";"Pregnancy"
"hs_hcb_madj_Log2";"hs_bmi_c_cat";0;-0,0518547234628585;-0,05253757617848;0,0842255672415338;-0,216933801833721;0,113224354908004;-0,209559269744146;0,105732609844557;-0,615664876606347;0,538115723197065;FALSE;100;"1";"Pregnancy"
"hs_pcb118_madj_Log2";"hs_bmi_c_cat";0;-0,049189071127911;-0,0539796416734203;0,074417801164445;-0,195045281218886;0,0966671389630641;-0,190228157831858;0,107884644023278;-0,660985279842054;0,508621753705986;FALSE;100;"1";"Pregnancy"
"hs_pcb138_madj_Log2";"hs_bmi_c_cat";0;-0,0370278623468397;-0,0296252934635902;0,0803770936463012;-0,194564071075593;0,120508346381914;-0,175546858968168;0,105841114635284;-0,460676800653935;0,64503050178337;FALSE;100;"1";"Pregnancy"
"hs_pcb153_madj_Log2";"hs_bmi_c_cat";0;-0,0374782117099407;-0,0441178416104342;0,0821945712299248;-0,198576611045305;0,123620187625424;-0,209041271640401;0,0954492991422605;-0,455969428991873;0,64841196188161;FALSE;100;"1";"Pregnancy"
"hs_pcb170_madj_Log2";"hs_bmi_c_cat";0;-0,16509222803163;-0,166807652037163;0,076339323086183;-0,314714551884715;-0,0154699041785439;-0,310525578923722;-0,0211760276157653;-2,16261058334575;0,0305711435714603;TRUE;100;"1";"Pregnancy"
"hs_pcb180_madj_Log2";"hs_bmi_c_cat";0;-0,0926808448639975;-0,0923323903558511;0,0685364239564483;-0,227009767447804;0,0416480777198092;-0,20096396360155;0,0750464532555921;-1,35228597457743;0,176283849382131;FALSE;100;"1";"Pregnancy"
"hs_sumPCBs5_madj_Log2";"hs_bmi_c_cat";0;-0,0816334413966519;-0,0845049021289281;0,0862903859894678;-0,250759490148068;0,0874926073547645;-0,23227069582548;0,0716906950646985;-0,946031709796915;0,344132412933625;FALSE;100;"1";"Pregnancy"
"hs_pfhxs_m_Log2";"hs_bmi_c_cat";0;-0,123560513248426;-0,121992518105761;0,0601614510394327;-0,241474790543384;-0,00564623595346818;-0,211116593821785;-0,00315398977870531;-2,05381537701673;0,0399935640823712;TRUE;100;"1";"Pregnancy"
"hs_pfna_m_Log2";"hs_bmi_c_cat";0;0,0590626405520129;0,0624229331615769;0,0642529598705036;-0,0668708466942715;0,184996127798297;-0,0591677169061163;0,187948266494688;0,919220541295664;0,357980229032402;FALSE;100;"1";"Pregnancy"
"hs_pfoa_m_Log2";"hs_bmi_c_cat";0;0,0500407789402693;0,0484104452960253;0,0649342545021855;-0,0772280212469721;0,177309579127511;-0,0794844991409586;0,158876011058843;0,770637613751076;0,440921759754519;FALSE;100;"1";"Pregnancy"
"hs_pfos_m_Log2";"hs_bmi_c_cat";0;0,0376879546948468;0,0352270751044488;0,0660952089796136;-0,0918562744558441;0,167232183845538;-0,0771226501269051;0,158771861799531;0,570207058524791;0,568537269220733;FALSE;100;"1";"Pregnancy"
"hs_pfunda_m_Log2";"hs_bmi_c_cat";0;-0,00104972598065297;-0,00576176901105494;0,0702053881531163;-0,138649758281416;0,13655030632011;-0,136441591470458;0,123187373501073;-0,0149522139007841;0,988070303898175;FALSE;100;"1";"Pregnancy"
"e3_asmokcigd_p_None";"hs_bmi_c_cat";0;-0,0124799074071814;-0,0110431957360905;0,0637059062932609;-0,137341189344456;0,112381374530093;-0,130267491372906;0,136483386988673;-0,195898749948426;0,844689415709127;FALSE;100;"1";"Pregnancy"
"h_distinvnear1_preg_Log";"hs_bmi_c_cat";0;0,00205214642653303;-0,00136008666528143;0,0637512706571748;-0,122898048030195;0,127002340883261;-0,12391557185701;0,104011135321253;0,0321898905759626;0,974320618154475;FALSE;100;"1";"Pregnancy"
"h_trafload_preg_pow1over3";"hs_bmi_c_cat";0;0,119668371220463;0,118672471429801;0,0564743708985132;0,00898063820982051;0,230356104231106;0,0311878583693616;0,233380793592464;2,11898546750547;0,0340916951271337;TRUE;100;"1";"Pregnancy"
"h_trafnear_preg_pow1over3";"hs_bmi_c_cat";0;-0,0593214822437682;-0,0598915178467993;0,0749409908355493;-0,206203125247191;0,0875601607596546;-0,196240698270323;0,0810830599479891;-0,791575899682771;0,428608004035055;FALSE;100;"1";"Pregnancy"
"h_bro_preg_Log";"hs_bmi_c_cat";0;-0,0107862386510543;-0,0130486147268431;0,0730086983534142;-0,153880657981895;0,132308180679786;-0,154449814847845;0,115467499199629;-0,147739089921056;0,882548680833863;FALSE;100;"1";"Pregnancy"
"h_clf_preg_Log";"hs_bmi_c_cat";0;-0,0622313662155187;-0,0624574655439926;0,0690595232322055;-0,197585544540149;0,0731228121091111;-0,183350720281599;0,0704664782413012;-0,901126496432247;0,367521066442748;FALSE;100;"1";"Pregnancy"
"h_thm_preg_Log";"hs_bmi_c_cat";0;-0,110895534417825;-0,109738899753622;0,0739132751659856;-0,255762891722555;0,033971822886906;-0,249508466588423;0,0198935700650415;-1,50034664502133;0,133524632620834;FALSE;100;"1";"Pregnancy"
"e3_alcpreg_yn_None_1";"hs_bmi_c_cat";0;-0,168591156357495;-0,174652534076315;0,141498885209408;-0,445923875220502;0,108741562505511;-0,417477153046036;0,120232216328369;-1,19146632221161;0,233470570036381;FALSE;100;"1";"Pregnancy"
"h_pamod_t3_None_Often";"hs_bmi_c_cat";0;-0,0855101886099597;-0,0978206456797104;0,121422005276845;-0,323492945883209;0,152472568663289;-0,349412043303908;0,115699583659399;-0,704239634446773;0,481283552238389;FALSE;100;"1";"Pregnancy"
"h_pamod_t3_None_Sometimes";"hs_bmi_c_cat";0;0,266273027165441;0,263595512660163;0,154781515135753;-0,0370931679731756;0,569639222304058;-0,0272625011610748;0,574044394003296;1,72031541965398;0,0853751220546165;FALSE;100;"1";"Pregnancy"
"h_pamod_t3_None_Very Often";"hs_bmi_c_cat";0;0,174595860591762;0,169814012549979;0,115999404999299;-0,0527587954349384;0,401950516618463;-0,042993603564561;0,389968496399846;1,50514444960143;0,132286943290065;FALSE;100;"1";"Pregnancy"
"h_pavig_t3_None_Low";"hs_bmi_c_cat";0;-0,16313983047753;-0,167613488111801;0,130157661701398;-0,418244159724218;0,0919644987691576;-0,404045958963745;0,0972194343763476;-1,25340166952137;0,210059564200169;FALSE;100;"1";"Pregnancy"
"h_pavig_t3_None_Medium";"hs_bmi_c_cat";0;0,0174353427529654;0,0123820506802555;0,146204175824784;-0,269119576252974;0,303990261758904;-0,253155547962934;0,254581511094191;0,119253384211546;0,905074613878594;FALSE;100;"1";"Pregnancy"
