"mean";"sd";"pval_ratio";"pval_corrected";"lower_bound";"upper_bound";"sel_prob";"exposure";"outcome";"bootstrap_ratio";"th_pval";"th_lower_bound";"th_upper_bound"
0,00384907903143756;0,021773724486403;0,827067669172932;0,936;-0,0378091441382268;0,0542731118327688;0,972;"h_abs_ratio_preg_Log";"e3_bw";0,176842507839732;0,859632098792065;-0,0388251957594609;0,0465262358458347
0,00493845213559501;0,0213330934282894;0,75092936802974;0,924;-0,0361620079237952;0,0556955000609337;0,942;"h_no2_ratio_preg_Log";"e3_bw";0,0969490635539369;0,922766845205817;-0,039743871367694;0,0438803182288567
-0,00799272289874146;0,0265370154135252;0,652920962199313;0,836;-0,066839862020097;0,0382375296962946;0,962;"h_pm10_ratio_preg_None";"e3_bw";-0,00362472421569322;0,997107894844179;-0,0521077838300752;0,051915405105312
-0,00378816128590699;0,0158644903077018;0,551369863013699;0,832;-0,0390685901044534;0,0298628107286596;0,906;"h_pm25_ratio_preg_None";"e3_bw";0;1;-0,0310938296361803;0,0310938296361803
-0,00535687584898735;0,0245784819271109;0,673684210526316;0,86;-0,0607941624337019;0,0403258987055479;0,954;"h_accesslines300_preg_dic0";"e3_bw";-0,162343303584086;0,871035515617611;-0,0521630913249349;0,044182787418677
-0,00633758793199378;0,0195773711972818;0,539936102236422;0,748;-0,0480669031178236;0,0305158564055365;0,964;"h_accesspoints300_preg_Log";"e3_bw";-0,360723953246579;0,718305816560865;-0,0454329691911034;0,031308915726185
0,0027839679750971;0,0161837947045736;0,706959706959707;0,908;-0,0294204238048371;0,0361999958630613;0,932;"h_builtdens300_preg_Sqrt";"e3_bw";0;1;-0,0317196547541544;0,0317196547541544
0,00176184822343685;0,0166422455697194;0,7;0,84;-0,0328111437978591;0,0356394904082004;0,986;"h_connind300_preg_Sqrt";"e3_bw";0,225207530644452;0,821817831316341;-0,0288702429093862;0,0363661609676563
-0,00347249088050399;0,0242843713070127;0,763440860215054;0,884;-0,054710453059181;0,0483759704906458;0,984;"h_fdensity300_preg_Log";"e3_bw";-0,119139633150929;0,905164731626461;-0,0504897242377612;0,0447032620601243
-0,00193960361430367;0,020128782038648;0,927125506072874;1;-0,046509373806527;0,0349861548466398;0,952;"h_frichness300_preg_None";"e3_bw";0;1;-0,0394516878484069;0,0394516878484069
0,000908330752077667;0,01296656681186;0,872881355932203;1;-0,0271248732589497;0,0296896013530547;0,884;"h_landuseshan300_preg_None";"e3_bw";0,000861691751132402;0,999312469540684;-0,0254028307707157;0,0254251771380403
0,00150765083631736;0,0174273747697929;0,864661654135338;0,936;-0,0344009588598118;0,0355156435544147;0,992;"h_popdens_preg_Sqrt";"e3_bw";-0,0834731434567862;0,933475331266587;-0,0356117446481102;0,032702309139642
-0,0028437138795626;0,0192262753454039;0,818181818181818;0,944;-0,0488231690569936;0,0335238527392185;0,96;"h_walkability_mean_preg_None";"e3_bw";-0,13705447456993;0,890987736837768;-0,0403178542992432;0,0350477601684409
-0,00311964840820642;0,01505125494032;0,755474452554745;0,904;-0,0342615406769104;0,0260473568981454;0,962;"hs_as_m_Log2";"e3_bw";-0,248345105361627;0,803867402812682;-0,0332378230991362;0,0257620121111793
-0,000690020368935874;0,0133051851877348;0,847014925373134;0,928;-0,0262402844903078;0,026924711429338;0,99;"hs_cd_m_Log2";"e3_bw";-0,218170444522495;0,827296312263746;-0,0289804819424583;0,0231748856087338
-4,96606182488971e-05;0,0138026130554039;0,894941634241245;0,972;-0,0269839925077148;0,0282117362036115;0,974;"hs_co_m_Log2";"e3_bw";0,196490380229494;0,844226361377462;-0,024340543793717;0,0297647051685508
-0,0036400085534724;0,0140730527167617;0,675862068965517;0,84;-0,0346186097422563;0,0229998868859684;0,972;"hs_cs_m_Log2";"e3_bw";-0,213578074429711;0,830876098945368;-0,0305883719779802;0,0245769809767926
0,000919201067515758;0,011277050709556;0,948275862068966;1;-0,0224197019605101;0,0248988876832909;0,904;"hs_cu_m_Log2";"e3_bw";0,0265692527122673;0,978803297379201;-0,0218029904324105;0,022402236052713
0,00325266577978526;0,0122840311714145;0,739463601532567;0,956;-0,0179888350678992;0,0317375458088771;0,908;"hs_hg_m_Log2";"e3_bw";0,0394235497798361;0,968552704492642;-0,0235919785665565;0,0245605387953231
-0,00072439320992187;0,0117091191272786;0,972477064220184;1;-0,0259385577724278;0,0223594046164904;0,86;"hs_mn_m_Log2";"e3_bw";0;1;-0,0229494517801552;0,0229494517801552
-0,00558067241959483;0,0111998979786544;0,453074433656958;0,764;-0,0307239650734499;0,0114154033553318;0,898;"hs_mo_m_Log2";"e3_bw";0;1;-0,0219513966686855;0,0219513966686855
-0,000624162009224746;0,0107898045957447;0,817796610169492;1;-0,0250038041495771;0,0225511238590038;0,858;"hs_pb_m_Log2";"e3_bw";0;1;-0,0211476284078845;0,0211476284078845
-0,0178517745499332;0,0276492865055495;0,302139037433155;0,504;-0,0779146699312971;0,0323309873951196;0,974;"h_humidity_preg_None";"e3_bw";-0,249574995099276;0,802916037774951;-0,0610921762932272;0,0472910352049853
0,0185472806940058;0,0307062997252845;0,331536388140162;0,516;-0,0379804660158103;0,0850700150226914;0,988;"h_pressure_preg_None";"e3_bw";0,664740443179487;0,506216521345922;-0,039771522272262;0,0805949608478377
0,000930621702517622;0,0222256035620976;0,880478087649402;0,996;-0,0491628635288948;0,0493762871426815;0,944;"h_temperature_preg_None";"e3_bw";0;1;-0,0435613825163764;0,0435613825163764
0,00546964802011104;0,0210719941677326;0,620915032679739;0,776;-0,0360977930540249;0,0489435744601011;0,992;"h_ndvi100_preg_None";"e3_bw";0,342064452140256;0,732302388632481;-0,0340923695107058;0,0485083297916821
-0,00429912262669931;0,0138680726306181;0,643333333333333;0,8;-0,0326411346142721;0,0211678703121201;0,986;"hs_dde_madj_Log2";"e3_bw";-0,271983617530964;0,785634615992106;-0,0309528114532549;0,0234090343287395
-0,00107959811430892;0,0108758249726405;0,743295019157088;0,956;-0,023477379611356;0,0217228726799406;0,91;"hs_ddt_madj_Log2";"e3_bw";0;1;-0,0213162252485368;0,0213162252485368
0,00374961426420237;0,0162286314833359;0,772388059701492;0,928;-0,0224203421986365;0,0424081137767676;0,95;"hs_hcb_madj_Log2";"e3_bw";0,107733904066514;0,914206774467488;-0,0300591593983547;0,0335559070530678
0,00213838183775816;0,0215199566312095;0,70446735395189;0,836;-0,0460057606899937;0,0430713389808288;0,992;"hs_pcb118_madj_Log2";"e3_bw";0,123775259875063;0,901493220916454;-0,0395147017215064;0,0448419781705625
0,00136268491654587;0,0208492139094993;0,842307692307692;0,96;-0,0328937012801932;0,0519211370963396;0,958;"hs_pcb138_madj_Log2";"e3_bw";0;1;-0,0408637083685902;0,0408637083685902
-0,00933633411477582;0,0242441871977402;0,63758389261745;0,808;-0,065344921263337;0,0327798256307272;0,976;"hs_pcb153_madj_Log2";"e3_bw";-0,183389931725251;0,854492075221574;-0,0519638735769456;0,04307159390709
0,00140063746213698;0,0252226784809761;0,968379446640316;0,988;-0,0485613841920217;0,0522833620222853;0,996;"hs_pcb170_madj_Log2";"e3_bw";0,0789282751307206;0,937089673090003;-0,0474447589096665;0,0514263239230268
0,00887105574252901;0,0249081734369596;0,731884057971015;0,896;-0,029694650657857;0,0692472804142786;0,956;"hs_pcb180_madj_Log2";"e3_bw";0,137617972138539;0,890542350966034;-0,0453913105390487;0,0522469351751875
-0,000571886586765979;0,021766554383955;0,842307692307692;0,96;-0,0452221098442369;0,0488214581359612;0,958;"hs_sumPCBs5_madj_Log2";"e3_bw";-0,0572551186061829;0,954341971832514;-0,0439079093129856;0,041415416007183
0,0052290289937559;0,0156048238394186;0,649484536082474;0,836;-0,0186290200013354;0,0447278605527066;0,96;"hs_pfhxs_m_Log2";"e3_bw";0,221274420351573;0,824878765947494;-0,0271319443605968;0,0340378410601083
-0,00275043192109124;0,0169414276048135;0,714285714285714;0,88;-0,0355815759607757;0,0346738705214879;0,96;"hs_pfna_m_Log2";"e3_bw";-0,0890445008361502;0,929046544006568;-0,0347131289166495;0,0316960469876047
-0,00291459386450759;0,0168330654001588;0,778210116731518;0,972;-0,0414761226683371;0,0318532240348907;0,914;"hs_pfoa_m_Log2";"e3_bw";-0,0405208010107779;0,967677923850461;-0,0336742912271999;0,0323101126402374
-0,00452818614296447;0,0183674531316437;0,635087719298246;0,86;-0,0416295744876173;0,0307733433739356;0,932;"hs_pfos_m_Log2";"e3_bw";0;1;-0,0359995466257491;0,0359995466257491
0,00475028644524828;0,0142304457369402;0,680297397769517;0,924;-0,0158680784687367;0,0412954731987347;0,904;"hs_pfunda_m_Log2";"e3_bw";0,0208309874408576;0,983380478694938;-0,0275947268919304;0,0281875953647784
-0,00367669600059829;0,0123174532832168;0,837837837837838;0,964;-0,0318902747846472;0,0152503503050973;0,952;"e3_asmokcigd_p_None";"e3_bw";-0,132916973838403;0,89425904283171;-0,0257789634321606;0,0225045662005585
0,000912423289613708;0,012235913305769;0,84297520661157;1;-0,0219642540799022;0,0274892113609443;0,892;"h_distinvnear1_preg_Log";"e3_bw";0;1;-0,0239819493972617;0,0239819493972617
-0,00118564634106048;0,0144078963926108;0,810408921933085;0,924;-0,0320132964793537;0,0273938283987378;0,974;"h_trafload_preg_pow1over3";"e3_bw";0,0680024768259122;0,945783662628711;-0,0272591853819531;0,0292187306630504
0,00242751426010175;0,0163650946187664;0,840466926070039;0,972;-0,0330618649239649;0,0391036630964089;0,946;"h_trafnear_preg_pow1over3";"e3_bw";0,0497810246784731;0,960296888045536;-0,03126032487729;0,0328896672354548
-0,0225305623312797;0,0289141122059007;0,250632911392405;0,42;-0,0808111673627608;0,0283392772377193;0,988;"h_bro_preg_Log";"e3_bw";-0,658149685590887;0,510441951828278;-0,0757004324259686;0,0376408047110622
-0,00110514428559835;0,017301498008077;0,769811320754717;0,94;-0,0395878340052014;0,0339883744769315;0,938;"h_clf_preg_Log";"e3_bw";-0,129285226224222;0,897131961087001;-0,0361471410584145;0,0316734848904302
0,00318764592922561;0,0235841188786915;0,768683274021352;0,876;-0,0431516450552374;0,0499809542489503;0,994;"h_thm_preg_Log";"e3_bw";0,169764410536403;0,865195416871906;-0,042220279569885;0,050227767648808
0,0014886687118924;0,0109915346286497;0,826446280991736;1;-0,0216052284484887;0,0239642594211567;0,884;"e3_alcpreg_yn_None_1";"e3_bw";0,0372941541799597;0,970250466540695;-0,0211330920198629;0,0219529319940934
0,00387071924755373;0,018868774435446;0,764227642276423;1;-0,032962120425098;0,0442374073278922;0,868;"h_pamod_t3_None_Often";"e3_bw";0;1;-0,0369821183258842;0,0369821183258842
-0,0018501742310449;0,014550989483781;0,832669322709163;0,996;-0,03448639560228;0,028184890654853;0,92;"h_pamod_t3_None_Sometimes";"e3_bw";-0,0296436244545008;0,976351273303534;-0,0289507593953305;0,0280880712599333
0,0027268646040029;0,0202820934077856;0,837735849056604;0,94;-0,0364663673844555;0,0460915776639127;0,974;"h_pamod_t3_None_Very Often";"e3_bw";0,106940858076861;0,914835898973083;-0,0375831881377133;0,0419211570829606
-0,000615959377580765;0,0196559548332675;0,726937269372694;0,916;-0,0402372317695595;0,0489711239589422;0,936;"h_pavig_t3_None_Low";"e3_bw";-0,105783293045786;0,915754292624911;-0,0406042351851726;0,036445691924728
-0,00125546939011423;0,0194850824005701;0,806201550387597;0,968;-0,0380774427213597;0,0450101541476386;0,932;"h_pavig_t3_None_Medium";"e3_bw";0;1;-0,0381900597409126;0,0381900597409126
-0,0489822433866666;0,0534742458209799;0,165467625899281;0,332;-0,163479173204183;0,0480742782280686;0,972;"h_abs_ratio_preg_Log";"hs_asthma";-0,589314634624025;0,555650229424837;-0,136320751547348;0,073294440271776
-0,0184297394441377;0,054787794530854;0,585858585858586;0,812;-0,144256463731591;0,0860608414639838;0,942;"h_no2_ratio_preg_Log";"hs_asthma";-0,131461558167484;0,895410194744014;-0,11458459291044;0,100179615235268
0,00666090593521736;0,0506759456114844;0,85;0,96;-0,0933576674511688;0,120088558543999;0,962;"h_pm10_ratio_preg_None";"hs_asthma";0,000748884791150101;0,999402476443173;-0,0992850778360745;0,0993609787259656
-0,00809580764981247;0,0431358117919304;0,755813953488372;0,968;-0,103979791555023;0,0729632113162919;0,906;"h_pm25_ratio_preg_None";"hs_asthma";0;1;-0,0845446375560817;0,0845446375560817
-0,0309771333479335;0,0635404947513642;0,394736842105263;0,632;-0,180888487935912;0,0965951096883305;0,954;"h_accesslines300_preg_dic0";"hs_asthma";-0,19540004683762;0,845079779946092;-0,136952896923032;0,112121265622028
0,011899601847573;0,0547922671528743;0,667820069204152;0,844;-0,0914757164044333;0,135090176600686;0,964;"h_accesspoints300_preg_Log";"hs_asthma";0,166427651293477;0,867820414803689;-0,0982719219196331;0,116509818582228
0,0141585817752348;0,0425624620170497;0,532894736842105;0,784;-0,0682598295625786;0,10473505953661;0,932;"h_builtdens300_preg_Sqrt";"hs_asthma";0;1;-0,0834208926467714;0,0834208926467714
0,0474915823850365;0,052432153998069;0,162735849056604;0,304;-0,0393727653577771;0,161958062243243;0,986;"h_connind300_preg_Sqrt";"hs_asthma";0,634174886228916;0,525966695229248;-0,0695139781716106;0,136016288764535
-0,00736244531243271;0,0504721980177212;0,72027972027972;0,856;-0,111328220114946;0,0942722733356414;0,984;"h_fdensity300_preg_Log";"hs_asthma";-0,122843765509848;0,902230816831947;-0,105123885193363;0,0927234954772519
0,0217816351053005;0,0491030581968209;0,45565749235474;0,692;-0,0741976012920455;0,13332931482957;0,952;"h_frichness300_preg_None";"hs_asthma";0;1;-0,0962402255965431;0,0962402255965431
-0,0173263664755636;0,0371036461556538;0,343465045592705;0,684;-0,0975879660724683;0,0540083017193423;0,884;"h_landuseshan300_preg_None";"hs_asthma";-0,0901816117852509;0,928142896449806;-0,076067876773626;0,069375743546773
-0,0544308430884786;0,0496696836876497;0,153488372093023;0,28;-0,15748122845889;0,0340830598795377;0,992;"h_popdens_preg_Sqrt";"hs_asthma";-0,997346765057426;0,318596221614243;-0,146888689498593;0,047812892803987
0,0424305760263693;0,0523745170144456;0,237113402061856;0,448;-0,0438414703995729;0,161705311558468;0,96;"h_walkability_mean_preg_None";"hs_asthma";0,636222939874146;0,524631123296272;-0,0693302978665745;0,135974036245413
0,0245958262227102;0,0471632784923172;0,448795180722892;0,672;-0,0656216549062053;0,120431651450404;0,962;"hs_as_m_Log2";"hs_asthma";0,410033156016764;0,681781625672068;-0,0730998193094718;0,111776835166077
-0,0704990974337702;0,0458600367703345;0,0269709543568465;0,072;-0,173991303730638;0,000438966583682747;0,99;"hs_cd_m_Log2";"hs_asthma";-1,34570610038859;0,178397318219921;-0,151598151645422;0,0281698891536541
0,0310992322535845;0,0462299008972528;0,281578947368421;0,48;-0,0597455472885966;0,126437499544502;0,974;"hs_co_m_Log2";"hs_asthma";0,514727604820345;0,606743380601935;-0,0668131346075466;0,114404746927396
-0,0248576376676754;0,0474002966851998;0,361344537815126;0,572;-0,134023665343853;0,0605332673938226;0,972;"hs_cs_m_Log2";"hs_asthma";-0,409249238519002;0,682356763350659;-0,112301409683498;0,0735043390355122
-0,0078352027640422;0,0354154246697819;0,793650793650794;0,992;-0,0880175584878897;0,0620606533398578;0,904;"hs_cu_m_Log2";"hs_asthma";-0,0225968868009979;0,981971827167807;-0,0702132351922362;0,0686126785076915
-0,0263150713086956;0,0426046025946414;0,293447293447293;0,596;-0,128117953863519;0,0454901648800116;0,908;"hs_hg_m_Log2";"hs_asthma";-0,144906925651188;0,88478435827555;-0,089677188641719;0,0773297846805588
0,00770786239149659;0,036122731645985;0,653846153846154;0,96;-0,0607204576478224;0,0924582217000925;0,86;"hs_mn_m_Log2";"hs_asthma";0;1;-0,0707992530493359;0,0707992530493359
0,0255466829394166;0,039597353715987;0,320588235294118;0,64;-0,0372246266163353;0,1135819740194;0,898;"hs_mo_m_Log2";"hs_asthma";0;1;-0,0776093871664277;0,0776093871664277
0,00258736237610829;0,033333946435443;0,923766816143498;1;-0,0732789951567201;0,0779517988476516;0,858;"hs_pb_m_Log2";"hs_asthma";0;1;-0,0653333344760556;0,0653333344760556
-0,0137514641873679;0,050312441821795;0,612582781456954;0,792;-0,118666064799894;0,0901452925862334;0,974;"h_humidity_preg_None";"hs_asthma";-0,0997994185156472;0,920503569704323;-0,103631726382902;0,0935894215070674
-0,000507588874837726;0,0552043204690243;0,96031746031746;0,992;-0,111418782060318;0,122445750679365;0,988;"h_pressure_preg_None";"hs_asthma";0,0307563133945757;0,975463880783215;-0,106500598529215;0,109896361291375
0,00200150087892985;0,05106012947017;0,888;1;-0,0979220679545056;0,10566929118539;0,944;"h_temperature_preg_None";"hs_asthma";0;1;-0,100076014807485;0,100076014807485
0,0716427986393883;0,0581146443123951;0,10467706013363;0,204;-0,0234941030909062;0,195630499900096;0,992;"h_ndvi100_preg_None";"hs_asthma";0,9799443847684;0,327113572137469;-0,0569534904599055;0,170851729193394
-0,0118348187555568;0,0404524783511553;0,590322580645161;0,76;-0,0855717764383245;0,0769049636089598;0,986;"hs_dde_madj_Log2";"hs_asthma";-0,292891233735654;0,769605289643826;-0,0911335769455853;0,0674372243617159
-0,0157439535325589;0,0368773190628839;0,430817610062893;0,728;-0,103387706205556;0,0569354882791645;0,91;"hs_ddt_madj_Log2";"hs_asthma";0;1;-0,0722782172096448;0,0722782172096448
0,0196164459463872;0,046175161507385;0,361031518624642;0,604;-0,0823877026078324;0,104474097334941;0,95;"hs_hcb_madj_Log2";"hs_asthma";0,3348036653347;0,737773195397843;-0,0750420402147005;0,105961266854889
0,0579481138112389;0,0567616266388683;0,148148148148148;0,272;-0,0359404861559699;0,178261158927346;0,992;"hs_pcb118_madj_Log2";"hs_asthma";0,725498688061546;0,468146149433763;-0,0700702582573528;0,152431229574829
-0,0161082747650295;0,0508053725321196;0,680701754385965;0,86;-0,131799306214718;0,0721977818505809;0,958;"hs_pcb138_madj_Log2";"hs_asthma";0;1;-0,0995767003840949;0,0995767003840949
0,0559777069903275;0,0509236286924614;0,0941704035874439;0,216;-0,0222053098073759;0,159033765644451;0,976;"hs_pcb153_madj_Log2";"hs_asthma";0,739863202544648;0,459383004294803;-0,0621319591897158;0,137484997208914
-0,0583329895192933;0,0584224000217518;0,150115473441109;0,268;-0,185438047224403;0,047664692227246;0,996;"hs_pcb170_madj_Log2";"hs_asthma";-0,936969668668463;0,348774160238185;-0,169245816724223;0,0597657831418284
-0,0360797367452698;0,0564350767856765;0,39766081871345;0,632;-0,167563094176142;0,0541959136453324;0,956;"hs_pcb180_madj_Log2";"hs_asthma";-0,378945840882506;0,704728082248681;-0,131996555592495;0,0892248803368614
-0,0155676333469429;0,0500967213267395;0,596666666666667;0,8;-0,120916146740497;0,0816549535894976;0,958;"hs_sumPCBs5_madj_Log2";"hs_asthma";-0,208265762401847;0,835021463132858;-0,108621201404895;0,0877543376830028
0,00453782810429889;0,0449279988124949;0,678321678321678;0,856;-0,0989476496892916;0,0795136976118318;0,96;"hs_pfhxs_m_Log2";"hs_asthma";0,167924459959519;0,866642707099582;-0,0805127496322982;0,0956017695075984
0,0212864925691429;0,0448503004188756;0,428571428571429;0,656;-0,07066449501148;0,110676011655326;0,96;"hs_pfna_m_Log2";"hs_asthma";0,291711787097251;0,770506996221124;-0,0748216122297591;0,100988334803837
0,00820613439323103;0,0460411482841184;0,655797101449275;0,896;-0,097096629071126;0,111413241793586;0,914;"hs_pfoa_m_Log2";"hs_asthma";0,0245207787720021;0,980437209633835;-0,0891100276322563;0,0913679572552239
-0,0097668004376295;0,0505811059572286;0,694545454545455;0,9;-0,110408399359003;0,085291084268878;0,932;"hs_pfos_m_Log2";"hs_asthma";0;1;-0,0991371459743725;0,0991371459743725
-0,0274954965024572;0,0526488461390587;0,439490445859873;0,744;-0,165677522491315;0,0490410310390009;0,904;"hs_pfunda_m_Log2";"hs_asthma";-0,0722512412044355;0,942401967108526;-0,106993786741674;0,0993858977786173
0,050120789618131;0,0461259411513899;0,0601336302895323;0,204;-0,00832234820012377;0,153129651809188;0,952;"e3_asmokcigd_p_None";"hs_asthma";0,671010646932708;0,502213746953813;-0,0594541857973641;0,121356181022112
0,0162929870911699;0,0378931547714643;0,420382165605096;0,744;-0,0546666855415868;0,108945546087922;0,892;"h_distinvnear1_preg_Log";"hs_asthma";0;1;-0,0742692186126721;0,0742692186126721
-0,0113001131574162;0,0400055247350668;0,581168831168831;0,768;-0,0895915307975177;0,0718665903498762;0,974;"h_trafload_preg_pow1over3";"hs_asthma";-0,292978803691826;0,769538353361454;-0,0901301584413007;0,0666886168854135
-0,0317913759516463;0,0479548920708541;0,278378378378378;0,52;-0,142233161482843;0,0525922199983574;0,946;"h_trafnear_preg_pow1over3";"hs_asthma";-0,27670722449709;0,782004924057701;-0,107259326427363;0,0807203962553959
0,0486794288013047;0,0555881345194035;0,201946472019465;0,356;-0,0506772169519191;0,166272827725789;0,988;"h_bro_preg_Log";"hs_asthma";0,579918011909417;0,561969908591234;-0,0767141811695528;0,141187302082044
-0,0169160888678448;0,0532510623400488;0,634146341463415;0,852;-0,131079413033702;0,0864885727187701;0,938;"h_clf_preg_Log";"hs_asthma";-0,114265387951176;0,909027419164443;-0,110454917622091;0,098285411027895
0,0371550855086481;0,0540225941258114;0,297650130548303;0,468;-0,07174700435171;0,149925386791672;0,994;"h_thm_preg_Log";"hs_asthma";0,598293315096255;0,549644236309655;-0,0735609819083843;0,138203695767647
-0,014497788399868;0,0373295539660603;0,46843853820598;0,796;-0,0931801731052798;0,0644602408605587;0,884;"e3_alcpreg_yn_None_1";"hs_asthma";-0,0742529390208644;0,940809122825146;-0,0759364104267404;0,0703927522381045
-0,00120008598453566;0,0354202203878364;0,928888888888889;1;-0,0765911969928924;0,0774527736882878;0,868;"h_pamod_t3_None_Often";"hs_asthma";0;1;-0,0694223562846307;0,0694223562846307
0,0173353165057087;0,0342226557705309;0,398176291793313;0,684;-0,0455737508821917;0,103193471608083;0,92;"h_pamod_t3_None_Sometimes";"hs_asthma";0,211889282502422;0,832193412085584;-0,0598237587890073;0,0743265867420976
0,00507235290977242;0,038270558569223;0,783882783882784;0,908;-0,0704870207105849;0,0818332714250403;0,974;"h_pamod_t3_None_Very Often";"hs_asthma";0,123776898846264;0,901491923185764;-0,0702719054070952;0,0797459275207206
-0,0183593692405581;0,0437649899517984;0,471698113207547;0,728;-0,110277461487714;0,0668954903873359;0,936;"h_pavig_t3_None_Low";"hs_asthma";-0,136119603540387;0,891726730382268;-0,09173507717047;0,0798205310080944
0,00274486101170793;0,0430817238469762;0,909836065573771;1;-0,0909563747912714;0,0901799900700218;0,932;"h_pavig_t3_None_Medium";"hs_asthma";0;1;-0,0844386271319738;0,0844386271319738
-0,000222623556373228;0,0182664269776971;0,840909090909091;0,944;-0,0335370720125118;0,0397762004814673;0,972;"h_abs_ratio_preg_Log";"hs_zbmi_who";-0,0605648918820959;0,951705734392455;-0,0369078431774936;0,0346952348275407
0,00232518571087257;0,018319605812297;0,847058823529412;0,98;-0,03300872435892;0,0445898358866479;0,942;"h_no2_ratio_preg_Log";"hs_zbmi_who";-0,0742976953148434;0,940773510837304;-0,0372668720940028;0,0345446631121427
0,00195400026092287;0,0224275786331353;0,794776119402985;0,928;-0,0470278133703139;0,0509219861580596;0,962;"h_pm10_ratio_preg_None";"hs_zbmi_who";0,000949683053681818;0,999242262667711;-0,0439359472900222;0,0439785454727482
-0,00102256923954716;0,012687938652898;0,735632183908046;0,956;-0,0268911677654302;0,0269052320328537;0,906;"h_pm25_ratio_preg_None";"hs_zbmi_who";0;1;-0,0248679027977338;0,0248679027977338
-0,00294169719703287;0,0213207708509878;0,747252747252747;0,908;-0,0503516339337586;0,0389555283008199;0,954;"h_accesslines300_preg_dic0";"hs_zbmi_who";-0,0217676003580549;0,982633339228998;-0,0422520450097774;0,0413238409713574
-0,00899826931382198;0,0169729170689759;0,353932584269663;0,576;-0,0448834826868034;0,0208349227792114;0,964;"h_accesspoints300_preg_Log";"hs_zbmi_who";-0,208020853131434;0,835212685053889;-0,0367970268565954;0,0297355854789605
0,000633884536010017;0,013063993796882;0,864;1;-0,0276037808795081;0,0291912633436861;0,932;"h_builtdens300_preg_Sqrt";"hs_zbmi_who";0;1;-0,0256049573361433;0,0256049573361433
-0,00521261321897998;0,0139943603984447;0,616393442622951;0,78;-0,0349696074503653;0,020382693995741;0,986;"h_connind300_preg_Sqrt";"hs_zbmi_who";-0,145581361684331;0,884251882431454;-0,0294657604103321;0,0253911243249184
-0,00822324552736708;0,020995380123873;0,486404833836858;0,676;-0,0536562335515121;0,0290119409921785;0,984;"h_fdensity300_preg_Log";"hs_zbmi_who";-0,276732079519349;0,78198583755158;-0,0469602840864977;0,0353400936825406
0,000143019918593124;0,0167882347768654;0,888888888888889;0,992;-0,0380232169079635;0,0363073714784223;0,952;"h_frichness300_preg_None";"hs_zbmi_who";0;1;-0,032904335526659;0,032904335526659
0,00347651660913402;0,0108216571540815;0,601449275362319;0,896;-0,0172633762367567;0,0290007602866534;0,884;"h_landuseshan300_preg_None";"hs_zbmi_who";0,0299415228231683;0,976113690257817;-0,0208860413803765;0,0215340751697033
0,00864130653746926;0,0152197969945356;0,446064139941691;0,628;-0,0190709816901563;0,0394767111735715;0,992;"h_popdens_preg_Sqrt";"hs_zbmi_who";0,496316815529043;0,619670904167703;-0,0222764127839743;0,0373840951386271
-0,00671606746948433;0,0168560226247078;0,533546325878594;0,748;-0,0446519918776851;0,022370525332923;0,96;"h_walkability_mean_preg_None";"hs_zbmi_who";-0,210725863155361;0,833101191859465;-0,0365891971839774;0,0294851973500617
0,0051054612216884;0,0123709930556026;0,462006079027356;0,684;-0,0191160749041395;0,0330033882858302;0,962;"hs_as_m_Log2";"hs_zbmi_who";0,361210783747214;0,71794188132341;-0,0197781647446307;0,0287152369393218
0,00366750989119623;0,0110894592441167;0,639072847682119;0,792;-0,0158340528971979;0,0281252281591302;0,99;"hs_cd_m_Log2";"hs_zbmi_who";0,229830572832009;0,818223426876354;-0,0191862439560209;0,0242836374969661
0,00323269422122388;0,0118194618311395;0,586319218241042;0,772;-0,0205722790785937;0,0296546761729336;0,974;"hs_co_m_Log2";"hs_zbmi_who";0,400651924925034;0,68867641044752;-0,0184302293714552;0,0279012096399032
0,00373079812283945;0,0121436462859594;0,647457627118644;0,82;-0,0215853655991216;0,0286032763194999;0,972;"hs_cs_m_Log2";"hs_zbmi_who";0,24076013445044;0,80974102892442;-0,0208774034489478;0,0267248152740001
-0,0025388811533056;0,00892046952191577;0,602836879432624;0,872;-0,0221843114926813;0,0142325912421902;0,904;"hs_cu_m_Log2";"hs_zbmi_who";-0,0374882741385182;0,970095689458031;-0,017818211995024;0,0171493859812603
0,000563605766500712;0,0101975847127653;1;1;-0,0195522725254737;0,0228856410415927;0,908;"hs_hg_m_Log2";"hs_zbmi_who";-0,0481981673453737;0,961558310738527;-0,0204784036608207;0,0194953938718118
-0,000937754177577319;0,00958556504273595;0,902654867256637;1;-0,0223623811162735;0,0176009838135361;0,86;"hs_mn_m_Log2";"hs_zbmi_who";0;1;-0,0187873622552286;0,0187873622552286
-0,00327652630908448;0,00942735969154261;0,638686131386861;0,904;-0,02713824961714;0,0114418687985372;0,898;"hs_mo_m_Log2";"hs_zbmi_who";0;1;-0,0184772854647282;0,0184772854647282
0,000917439691544887;0,00886403900590165;0,906666666666667;1;-0,017653484280886;0,0202235148803896;0,858;"hs_pb_m_Log2";"hs_zbmi_who";0;1;-0,0173731972091255;0,0173731972091255
-0,00899737350650195;0,0231558245661141;0,493865030674847;0,696;-0,0579245965115172;0,0353528705610895;0,974;"h_humidity_preg_None";"hs_zbmi_who";0,0230327110245056;0,9816241802409;-0,0448512407661459;0,0459179235976768
-0,00252941085047237;0,0242707504606408;0,843283582089552;0,928;-0,0500803869469594;0,0509335581362425;0,988;"h_pressure_preg_None";"hs_zbmi_who";-0,238694916283514;0,811342159048272;-0,0533631015299555;0,0417764920312741
0,00313550586235778;0,0192453623925205;0,685714285714286;0,88;-0,0386481568589178;0,0462443451909058;0,944;"h_temperature_preg_None";"hs_zbmi_who";0;1;-0,0377202171587618;0,0377202171587618
-0,00197435536721877;0,0184696452562823;0,850746268656716;0,928;-0,0417409193347824;0,0376506549354238;0,992;"h_ndvi100_preg_None";"hs_zbmi_who";-0,0901076924506011;0,928201636398029;-0,037864096623969;0,0345355823951195
0,00400685346039968;0,0117611899539157;0,585209003215434;0,756;-0,0196319671818305;0,0274035481721729;0,986;"hs_dde_madj_Log2";"hs_zbmi_who";0,604517972582501;0,545499323881867;-0,0159416580189103;0,0301613594311079
-0,00125897320341375;0,00911041667977168;0,716981132075472;0,94;-0,0207325281346331;0,0185044358699548;0,91;"hs_ddt_madj_Log2";"hs_zbmi_who";0;1;-0,0178560885765055;0,0178560885765055
-0,000456801701471413;0,0142419811243998;0,812977099236641;0,952;-0,0258329488338801;0,0305424675655069;0,95;"hs_hcb_madj_Log2";"hs_zbmi_who";-0,117437264254796;0,906513555757894;-0,0295863093731409;0,026241230771505
-0,00506446659993801;0,0188498377371756;0,692832764505119;0,828;-0,0451865795724808;0,0293368071022724;0,992;"hs_pcb118_madj_Log2";"hs_zbmi_who";-0,0896869163061585;0,928536013313527;-0,0386355868988069;0,0352544192597694
0,00283131533557603;0,0189274763165344;0,963114754098361;1;-0,0281102614535376;0,0487130973025947;0,958;"hs_pcb138_madj_Log2";"hs_zbmi_who";0;1;-0,0370971718986424;0,0370971718986424
-0,00861607896740887;0,0219748953642712;0,621262458471761;0,796;-0,0585241737786345;0,0297881024112484;0,976;"hs_pcb153_madj_Log2";"hs_zbmi_who";-0,0127659526399204;0,989814520139258;-0,0433505339514952;0,0427894730045202
-0,0068778205356948;0,0220173529449924;0,561128526645768;0,724;-0,0541075475084409;0,0359900954392958;0,996;"hs_pcb170_madj_Log2";"hs_zbmi_who";-0,333352673507935;0,73886808309555;-0,0504927622748731;0,035813675339311
0,00704769552724648;0,0228752349596685;0,763837638376384;0,916;-0,0283528140114651;0,0591392081965484;0,956;"hs_pcb180_madj_Log2";"hs_zbmi_who";-0,114292752555747;0,909005727475944;-0,0474491102277417;0,0422201630899418
-0,00254986892871603;0,0191445139989482;0,680701754385965;0,86;-0,0410400146955883;0,0380294259487551;0,958;"hs_sumPCBs5_madj_Log2";"hs_zbmi_who";-0,119190784420416;0,905124207569988;-0,0398044075803435;0,035240708298579
0,00131277159715417;0,0141641526078208;0,991701244813278;1;-0,0221955071999767;0,0338075881993108;0,96;"hs_pfhxs_m_Log2";"hs_zbmi_who";-0,284407020119882;0,776098479763523;-0,0317896134185714;0,0237328445471442
0,000807504749259234;0,0141991790645726;0,951219512195122;1;-0,0265003449042286;0,032329971042274;0,96;"hs_pfna_m_Log2";"hs_zbmi_who";0,162320652792596;0,871053351773154;-0,025525059561717;0,0301346995914778
0,00160234599683734;0,01335453644867;0,673992673992674;0,908;-0,0276671577700474;0,0331147233234823;0,914;"hs_pfoa_m_Log2";"hs_zbmi_who";0,0361263650649237;0,971181599763891;-0,0256919596106031;0,0266568613286381
-0,00307642134910099;0,0155282416033653;0,688405797101449;0,896;-0,032989602878431;0,0293324004449464;0,932;"hs_pfos_m_Log2";"hs_zbmi_who";0;1;-0,0304347942858326;0,0304347942858326
0,00216229913900834;0,0114913710462183;0,891213389121339;1;-0,0170837886983327;0,03099159564273;0,904;"hs_pfunda_m_Log2";"hs_zbmi_who";-0,0523426438344938;0,958255675001474;-0,0231241621254164;0,021921184641732
-0,00366705966666427;0,00984452615632705;0,782771535580524;0,932;-0,0255729486507036;0,0103367207706711;0,952;"e3_asmokcigd_p_None";"hs_zbmi_who";-0,00371661080134464;0,997034580450082;-0,0193315049835103;0,0192583284390168
0,000195473205302917;0,0100930092455039;0,914163090128755;1;-0,0202093381260026;0,0232988874032135;0,892;"h_distinvnear1_preg_Log";"hs_zbmi_who";0;1;-0,0197819346168174;0,0197819346168174
0,0045131990718128;0,0121851037964881;0,541139240506329;0,736;-0,0202041731561438;0,0304652413213008;0,974;"h_trafload_preg_pow1over3";"hs_zbmi_who";0,551953139915801;0,580980459041756;-0,0171567582883275;0,0306079708896706
-0,00219396187061044;0,013369909559046;0,659649122807018;0,86;-0,0318608521038567;0,0240870373191225;0,946;"h_trafnear_preg_pow1over3";"hs_zbmi_who";-0,0640849241002291;0,948902605994537;-0,0270613508516063;0,0253477315729695
-0,00930991242876576;0,0228134800886992;0,573248407643312;0,744;-0,0587285400503874;0,0319045855895831;0,988;"h_bro_preg_Log";"hs_zbmi_who";0,037076883561174;0,970423703598305;-0,0438677465909982;0,0455594520807459
-0,00155942995267391;0,0147579050158333;0,769811320754717;0,94;-0,0308831724712321;0,0300063794395135;0,938;"h_clf_preg_Log";"hs_zbmi_who";-0,0799140362281788;0,93630562623883;-0,0301043260743835;0,0277455985622089
-0,00791059816108496;0,0204157852203345;0,592948717948718;0,752;-0,0490116097609524;0,0293305411178051;0,994;"h_thm_preg_Log";"hs_zbmi_who";-0,330993735463003;0,740649217485421;-0,0467717007604495;0,0332567067354718
7,21958399647937e-05;0,00933955201435583;0,990990990990991;1;-0,0213437457990836;0,0181985019990826;0,884;"e3_alcpreg_yn_None_1";"hs_zbmi_who";-0,0395834591166132;0,968425214816186;-0,0186748773552037;0,0179354938045482
0,00199013834028148;0,0159685776768243;0,878787878787879;1;-0,0295493550823552;0,0369084569529491;0,868;"h_pamod_t3_None_Often";"hs_zbmi_who";0;1;-0,0312978371309059;0,0312978371309059
0,000409778769474094;0,0123627268831991;0,893004115226337;1;-0,0247466820700274;0,0260601238625144;0,92;"h_pamod_t3_None_Sometimes";"hs_zbmi_who";0,101850044006882;0,918875702775812;-0,0229713551646764;0,0254896437188742
0,0058548240910426;0,017437995889289;0,59672131147541;0,78;-0,0271294601252359;0,0409725654445311;0,974;"h_pamod_t3_None_Very Often";"hs_zbmi_who";0,21252792758544;0,831695192328222;-0,03047178277797;0,037883905033158
-0,00139554921238375;0,0170506886342718;0,625;0,848;-0,0346760041460519;0,0412069061433691;0,936;"h_pavig_t3_None_Low";"hs_zbmi_who";-0,0520213288136194;0,958511698486474;-0,0343057351147213;0,0325317361548371
-0,000359668514309943;0,0170800598333409;0,902040816326531;1;-0,0333039411883371;0,0397121076849401;0,932;"h_pavig_t3_None_Medium";"hs_zbmi_who";0;1;-0,0334763021271374;0,0334763021271374
0,00425085753741679;0,0244047780668835;0,827067669172932;0,936;-0,0424323751274566;0,0602673346695366;0,972;"h_abs_ratio_preg_Log";"hs_correct_raven";0,239528246664463;0,810695996157304;-0,0419868523611888;0,0536781197623807
0,010284603602903;0,0253774610615437;0,53921568627451;0,776;-0,0384078517177812;0,0700391013836301;0,942;"h_no2_ratio_preg_Log";"hs_correct_raven";0,176701828000721;0,859742604934838;-0,0452546659401013;0,0542231534592851
0,00215862680019968;0,0301300877614003;0,788104089219331;0,924;-0,0629951723611249;0,0665543625597571;0,962;"h_pm10_ratio_preg_None";"hs_correct_raven";0,00167386108283839;0,998664452708733;-0,0590034532820492;0,0591043204447019
0,00310420353418099;0,0184373866035326;0,722433460076046;0,948;-0,0342095437641073;0,0474570382734721;0,906;"h_pm25_ratio_preg_None";"hs_correct_raven";0;1;-0,0361366137119651;0,0361366137119651
-0,00475081940774114;0,0302549593305075;0,766666666666667;0,92;-0,0706632752311819;0,0536375402381427;0,954;"h_accesslines300_preg_dic0";"hs_correct_raven";-0,0998903748803035;0,920431357863876;-0,0623208098710315;0,0562764514120061
-0,00450636611384023;0,0232818619738169;0,673611111111111;0,848;-0,0518326182822463;0,0416729305887144;0,964;"h_accesspoints300_preg_Log";"hs_correct_raven";-0,152960486376439;0,878429435834511;-0,0491928158929778;0,0420704060304495
0,0028304997583218;0,0189270200140445;0,706959706959707;0,908;-0,0364112745077323;0,0440239676564325;0,932;"h_builtdens300_preg_Sqrt";"hs_correct_raven";0;1;-0,0370962775621961;0,0370962775621961
-0,00554303728823345;0,0190177168574295;0,65993265993266;0,812;-0,0493025325264055;0,029505389853502;0,986;"h_connind300_preg_Sqrt";"hs_correct_raven";-0,0956401482373931;0,923806377653634;-0,0390928973681235;0,0354551828493608
0,00456403149847494;0,0286018234796188;0,877862595419847;0,952;-0,0531941768600998;0,0642561262532669;0,984;"h_fdensity300_preg_Log";"hs_correct_raven";0,271782669045113;0,785789131893071;-0,0482850639873769;0,0638320238370729
0,00354966802027013;0,0222450606541345;0,7;0,88;-0,0439526472631202;0,05267863114723;0,952;"h_frichness300_preg_None";"hs_correct_raven";0;1;-0,0435995177160126;0,0435995177160126
0,00123916906189457;0,0146035619096646;0,849372384937239;1;-0,0295325867180344;0,0316426204377131;0,884;"h_landuseshan300_preg_None";"hs_correct_raven";-0,0409501533871217;0,967335634332742;-0,0292204734891427;0,0280244372887445
-0,00658953233988692;0,0202946267672329;0,569620253164557;0,736;-0,0465389086184178;0,0330155625789754;0,992;"h_popdens_preg_Sqrt";"hs_correct_raven";-0,428402252715136;0,668358284871852;-0,0484710013685546;0,0310824737183636
-0,0011187654178576;0,0221330579831316;0,959183673469388;1;-0,0484929991147257;0,0399382092741431;0,96;"h_walkability_mean_preg_None";"hs_correct_raven";0,0481559526126565;0,961591954155659;-0,0423141580232659;0,0444458350060836
0,00104645915306179;0,0170339116605878;0,801498127340824;0,932;-0,0334450855544849;0,0396767697685195;0,962;"hs_as_m_Log2";"hs_correct_raven";-0,0251634404624989;0,979924598000506;-0,0338144851925037;0,0329572215486744
-0,000417220681760996;0,0153570410923232;0,875;0,944;-0,0325631384421102;0,0319998457563092;0,99;"hs_cd_m_Log2";"hs_correct_raven";-0,0921712297735269;0,926561996033348;-0,0315147248132172;0,0286837700868931
-0,00384093689385792;0,0157942954798318;0,751798561151079;0,888;-0,036983900462123;0,0262534798427193;0,974;"hs_co_m_Log2";"hs_correct_raven";-0,0556571666869691;0,955614922609731;-0,0318353160378783;0,0300771845654299
0,00319040384896714;0,0166093310194299;0,699300699300699;0,856;-0,0330740297429676;0,0346918649465466;0,972;"hs_cs_m_Log2";"hs_correct_raven";0,2507248618837;0,802026837512392;-0,0283893183795594;0,0367180628312138
0,000365685428727691;0,0123097791004696;0,982456140350877;1;-0,0258508247810102;0,0273980211774415;0,904;"hs_cu_m_Log2";"hs_correct_raven";0,0788724050952847;0,937134112390006;-0,0231558218107185;0,0250976255784099
0,00168658099275031;0,0140224751926858;0,973913043478261;1;-0,0243124415583505;0,0349821501301965;0,908;"hs_hg_m_Log2";"hs_correct_raven";-0,049943099178547;0,960167731959763;-0,0281838722210476;0,0267832204824935
0,000430136829307359;0,0131640160468417;0,822033898305085;1;-0,027508043302758;0,0286616804226149;0,86;"hs_mn_m_Log2";"hs_correct_raven";0;1;-0,0258009973437171;0,0258009973437171
-0,000837145385515031;0,0121101497409856;0,774703557312253;0,988;-0,0288874541866222;0,0199854922145537;0,898;"hs_mo_m_Log2";"hs_correct_raven";0;1;-0,0237354573397189;0,0237354573397189
4,51763580419528e-05;0,0121309497598789;0,967889908256881;1;-0,0256132556554461;0,0263291621176109;0,858;"hs_pb_m_Log2";"hs_correct_raven";0;1;-0,0237762246276275;0,0237762246276275
-0,0133966148131876;0,0312947055151943;0,466867469879518;0,672;-0,0800445698609306;0,0465713597363749;0,974;"h_humidity_preg_None";"hs_correct_raven";-0,117779725883893;0,906242194121461;-0,0650223775537646;0,0576506138793711
-0,00323685216051506;0,032159831492333;0,843283582089552;0,928;-0,0707028945300568;0,0620275914244499;0,988;"h_pressure_preg_None";"hs_correct_raven";-0,0933915718968403;0,925592485907503;-0,0660355686888562;0,0600286542588432
0,0060133456040104;0,0259842400591599;0,589225589225589;0,812;-0,0476200199506751;0,0667881156422962;0,944;"h_temperature_preg_None";"hs_correct_raven";0;1;-0,0509281746815963;0,0509281746815963
-0,00341309861761064;0,0249698991757443;0,803636363636364;0,9;-0,0565927094835248;0,0444703394679369;0,992;"h_ndvi100_preg_None";"hs_correct_raven";-0,109126118845713;0,913102458754079;-0,0516649712670729;0,0462152348970375
-0,00606045780688601;0,0161797704647853;0,526315789473684;0,708;-0,0369445222967175;0,0242824627713251;0,986;"hs_dde_madj_Log2";"hs_correct_raven";-0,288103619107848;0,7732674223814;-0,0363732178163431;0,0270503169618652
0,000250746749904925;0,0125656342339504;0,96969696969697;1;-0,0255533427738031;0,0264178137856875;0,91;"hs_ddt_madj_Log2";"hs_correct_raven";0;1;-0,0246281905414464;0,0246281905414464
0,00495353885033065;0,0202414856499082;0,746323529411765;0,912;-0,0270817129619042;0,050235996986864;0,95;"hs_hcb_madj_Log2";"hs_correct_raven";0,107809677630102;0,914146665999245;-0,0374903548247335;0,0418548109100754
-0,0131464535946308;0,0268572013044562;0,471810089020772;0,652;-0,0772882222205681;0,0339351660134553;0,992;"hs_pcb118_madj_Log2";"hs_correct_raven";-0,403723585361601;0,686415993928335;-0,0634820328856896;0,041796261678863
0,01185473101165;0,0255934560667656;0,53525641025641;0,752;-0,0273507510466776;0,0725949125751011;0,958;"hs_pcb138_madj_Log2";"hs_correct_raven";0;1;-0,0501622521307687;0,0501622521307687
-0,0102258866567153;0,0285913430675197;0,700348432055749;0,852;-0,0759484541410559;0,0409861067048438;0,976;"hs_pcb153_madj_Log2";"hs_correct_raven";-0,0802717301556679;0,936021141708638;-0,0583330792574715;0,0537429261064634
0,000861428644293336;0,0298329035285522;0,937743190661479;0,972;-0,0606436921250683;0,0632841402987395;0,996;"hs_pcb170_madj_Log2";"hs_correct_raven";0,06053850180913;0,951726752058173;-0,0566653771859854;0,0602774557544551
0,0172459495625826;0,0305517335502;0,414201183431953;0,648;-0,0271747171988567;0,0943272223884471;0,956;"hs_pcb180_madj_Log2";"hs_correct_raven";0,302398225545397;0,762348507277393;-0,0506415074107397;0,0691190874365722
0,00310323809312564;0,0259646518859925;0,835249042145594;0,956;-0,044226705324934;0,0610291995014762;0,958;"hs_sumPCBs5_madj_Log2";"hs_correct_raven";0,083466877011064;0,933480313779424;-0,048722594162062;0,0530569709732684
0,0112884533507601;0,0189297342219576;0,359773371104816;0,588;-0,016720598578077;0,0589199934726672;0,96;"hs_pfhxs_m_Log2";"hs_correct_raven";0,383645461573118;0,701241240179356;-0,0298392906889129;0,0443639039349916
-0,00181434667213421;0,0194729908139301;0,853281853281853;0,964;-0,0401500826763228;0,0422808092743162;0,96;"hs_pfna_m_Log2";"hs_correct_raven";0,115482102326059;0,908063005835484;-0,0359175787488137;0,0404151425843511
0,0012546654835762;0,0193291942591563;0,799212598425197;0,984;-0,0375925650171419;0,0449483378597961;0,914;"hs_pfoa_m_Log2";"hs_correct_raven";0,0479332879634718;0,961769409913599;-0,0369580127635987;0,0388110364326507
0,00138270199771555;0,0219147462159779;0,974576271186441;1;-0,0429578309524219;0,0466455137914068;0,932;"hs_pfos_m_Log2";"hs_correct_raven";0;1;-0,042952113313652;0,042952113313652
0,00815883328168855;0,018688472570028;0,537414965986395;0,824;-0,0194205904971797;0,053698491246127;0,904;"hs_pfunda_m_Log2";"hs_correct_raven";0,0253281335607721;0,979793233789417;-0,036155389034019;0,03710207729262
-0,00584485810534845;0,0144485543942696;0,693950177935943;0,876;-0,0394204800592037;0,0150044053370643;0,952;"e3_asmokcigd_p_None";"hs_correct_raven";-0,219845707980059;0,825991320527598;-0,0314950989115329;0,0251421935713398
0,00073169508153293;0,014103339320888;0,922413793103448;1;-0,0284874365698665;0,0305826081450919;0,892;"h_distinvnear1_preg_Log";"hs_correct_raven";0;1;-0,027642037130688;0,027642037130688
-0,00515396601407216;0,0166697766705671;0,591503267973856;0,776;-0,0391569193563929;0,0256081318543781;0,974;"h_trafload_preg_pow1over3";"hs_correct_raven";-0,129338420840375;0,89708987130243;-0,0348282044949705;0,0305161193143047
-0,00431182161812157;0,0188137043551177;0,608843537414966;0,824;-0,049168969418534;0,0328846929100292;0,946;"h_trafnear_preg_pow1over3";"hs_correct_raven";-0,12943054916238;0,897016976241593;-0,0393092510382766;0,0344391148653535
-0,00206871756717137;0,031117179416173;0,907335907335907;0,964;-0,0706764980867081;0,0625878329136549;0,988;"h_bro_preg_Log";"hs_correct_raven";0,0945475845611611;0,924674184694248;-0,0580464968040147;0,0639306051083256
0,00218313761925485;0,0205208667337202;0,96234309623431;1;-0,0376605306535605;0,0470469232277603;0,938;"h_clf_preg_Log";"hs_correct_raven";-0,00978212880307372;0,992195114931407;-0,0404208974911777;0,0400194219680978
-0,00291546630878177;0,0272695810115773;0,840740740740741;0,92;-0,0559407549911455;0,048316874858494;0,994;"h_thm_preg_Log";"hs_correct_raven";-0,0785238419072743;0,937411365674542;-0,0555887089244196;0,0513060843879581
0,00524606491575973;0,0132482349644974;0,508532423208191;0,828;-0,017489353414947;0,033767895097852;0,884;"e3_alcpreg_yn_None_1";"hs_correct_raven";0,153291987521659;0,878168019030198;-0,0239352151202775;0,027996911658001
0,00329813563490866;0,0223232955109789;0,846808510638298;1;-0,0418252465661644;0,0510170693705715;0,868;"h_pamod_t3_None_Often";"hs_correct_raven";0;1;-0,0437528552177632;0,0437528552177632
-0,001420085954676;0,0172122327023451;0,908713692946058;1;-0,0391842804039826;0,0317308088617466;0,92;"h_pamod_t3_None_Sometimes";"hs_correct_raven";0,0633480198776919;0,949489378187943;-0,0326449953307513;0,0348257170494865
0,0015451059070297;0,0244015795233731;0,955823293172691;1;-0,0479196212350111;0,0520798923449192;0,974;"h_pamod_t3_None_Very Often";"hs_correct_raven";0,0019079777589339;0,998477654927444;-0,0477796593606879;0,0478727747027148
0,00116264090968369;0,0236160286841995;0,84251968503937;0,984;-0,0462515720882166;0,0606380457122613;0,936;"h_pavig_t3_None_Low";"hs_correct_raven";-0,026103626110171;0,979174684831761;-0,0469030296618754;0,0456701016959165
-0,00541899856244842;0,0232850495541677;0,563758389261745;0,808;-0,0523763629995465;0,04339366957106;0,932;"h_pavig_t3_None_Medium";"hs_correct_raven";0;1;-0,045637858504399;0,045637858504399
-0,00195894025433808;0,00859690399448513;0,630872483221476;0,808;-0,0194631541550965;0,015119934451973;0,972;"h_abs_ratio_preg_Log";"hs_Gen_Tot";-0,222485900741572;0,823935647822429;-0,0187623121365412;0,0149369322789375
0,000547762796143465;0,00792760211706555;0,97071129707113;1;-0,0149910766163071;0,0193058701056367;0,942;"h_no2_ratio_preg_Log";"hs_Gen_Tot";-0,239674764866972;0,810582399523292;-0,0174378608065785;0,0136377684598454
-0,0024718363664976;0,0100295746325121;0,699646643109541;0,868;-0,0257516127491027;0,0153383518356058;0,962;"h_pm10_ratio_preg_None";"hs_Gen_Tot";-0,00493576655310372;0,996061844061647;-0,0197071086989933;0,0196081014209673
-0,00357953518590051;0,00627583706383783;0,32069970845481;0,628;-0,0184426140020081;0,0081893933096663;0,906;"h_pm25_ratio_preg_None";"hs_Gen_Tot";0;1;-0,0123004146179637;0,0123004146179637
0,000688824229202665;0,00961960775649716;0,954918032786885;1;-0,0188990654029331;0,0219209522109645;0,954;"h_accesslines300_preg_dic0";"hs_Gen_Tot";0,119715030131043;0,904708893667701;-0,0177024731157187;0,0200056963805545
-0,00210587007426229;0,00718117297248265;0,590759075907591;0,788;-0,0168399510876179;0,0124639712475074;0,964;"h_accesspoints300_preg_Log";"hs_Gen_Tot";0,0943217036715592;0,924853609734458;-0,0133974999236937;0,0147521808619432
0,000491787778879783;0,00596676645273221;0,864;1;-0,0121130559166028;0,0132086503032726;0,932;"h_builtdens300_preg_Sqrt";"hs_Gen_Tot";0;1;-0,0116946473515169;0,0116946473515169
-1,20803744536266e-05;0,00646321644473114;0,825925925925926;0,92;-0,014118910812426;0,0127946634412876;0,986;"h_connind300_preg_Sqrt";"hs_Gen_Tot";0,205914703610537;0,836857539748169;-0,0113368001573725;0,0139985427545476
-0,00580349095868905;0,00906262232873243;0,33695652173913;0,528;-0,0259185205259607;0,00972850479685777;0,984;"h_fdensity300_preg_Log";"hs_Gen_Tot";-0,492231092309203;0,622555986698508;-0,0222233178578618;0,0133015088817463
-0,000403314817465467;0,0073099043656279;0,99163179916318;1;-0,0162645358722354;0,0143933351893458;0,952;"h_frichness300_preg_None";"hs_Gen_Tot";0;1;-0,0143271492870628;0,0143271492870628
0,00146691710115018;0,00507353952329439;0,567375886524823;0,872;-0,00794287967403986;0,0138588071742071;0,884;"h_landuseshan300_preg_None";"hs_Gen_Tot";0,0738648189531082;0,941117949756433;-0,00956919866145794;0,0103187108181371
0,00458245888049981;0,00718445628546532;0,393258426966292;0,576;-0,00821180401894297;0,0199737987165298;0,992;"h_popdens_preg_Sqrt";"hs_Gen_Tot";0,689912430476997;0,490249258272752;-0,00912462987045333;0,0190379212655756
-0,00229339153683824;0,00736422152056158;0,63265306122449;0,824;-0,0185612006724231;0,0112063787573955;0,96;"h_walkability_mean_preg_None";"hs_Gen_Tot";-0,198335846120719;0,842782307568591;-0,0158941980607765;0,0129730198481745
0,00021994298451121;0,00560051745336945;0,955284552845528;1;-0,0108247731467873;0,0119423009338363;0,962;"hs_as_m_Log2";"hs_Gen_Tot";-0,200734651288468;0,840906063343581;-0,0121010304214292;0,00985259458535501
0,00089993427849125;0,00513393943941611;0,826568265682657;0,916;-0,00879349016302651;0,0115389294578018;0,99;"hs_cd_m_Log2";"hs_Gen_Tot";0,21629377679564;0,828758759659848;-0,00895189724887393;0,0111727755512567
0,000184175020245825;0,00562437199101574;0,75812274368231;0,892;-0,0108393118596383;0,0114354716356661;0,974;"hs_co_m_Log2";"hs_Gen_Tot";0,0560316795563695;0,955316570158969;-0,0107084235289403;0,0113387095471531
-0,00242475669554386;0,00578044127495621;0,5;0,704;-0,0160622029831134;0,00803776891788217;0,972;"hs_cs_m_Log2";"hs_Gen_Tot";-0,484125613539565;0,628296724474654;-0,0141279163924306;0,00853099703489537
-0,00147255955565909;0,00468749032266331;0,56401384083045;0,844;-0,0123502191819768;0,00717425011587167;0,904;"hs_cu_m_Log2";"hs_Gen_Tot";-0,0962536044208818;0,923319158235926;-0,00963850004954447;0,00873612437105578
0,00163177694858476;0,00475549732974859;0,598591549295775;0,864;-0,00597550396504935;0,0127824565172678;0,908;"hs_hg_m_Log2";"hs_Gen_Tot";0,132057581368383;0,894938747156523;-0,00869260401931323;0,00994860297045404
-0,00173819676913249;0,00498738401288739;0,552346570397112;0,892;-0,0139059063845679;0,00633450855166509;0,86;"hs_mn_m_Log2";"hs_Gen_Tot";0;1;-0,00977509304233012;0,00977509304233012
-0,00418102710523143;0,00533169104315428;0,236914600550964;0,548;-0,0176533136377685;0,00275209566067854;0,898;"hs_mo_m_Log2";"hs_Gen_Tot";0;1;-0,0104499224212772;0,0104499224212772
-0,00109161240002411;0,00428556239392316;0,625;0,944;-0,0118311707419702;0,00729022571542463;0,858;"hs_pb_m_Log2";"hs_Gen_Tot";0;1;-0,00839954794558865;0,00839954794558865
-0,00399670615275753;0,0106796137422815;0,489296636085627;0,692;-0,0263326190790999;0,0169469388352462;0,974;"h_humidity_preg_None";"hs_Gen_Tot";0,0707530562134527;0,943594293852465;-0,0201760429922252;0,0216872736151165
0,00676598934792871;0,0111502651061373;0,338753387533875;0,524;-0,0136153964625982;0,029544414917028;0,988;"h_pressure_preg_None";"hs_Gen_Tot";0,546164888860954;0,58495259889147;-0,0157642347236392;0,0279440013285665
-0,000572634302732895;0,00835216365751996;0,873015873015873;0,992;-0,0195603155009764;0,0165109960355969;0,944;"h_temperature_preg_None";"hs_Gen_Tot";0;1;-0,0163699399617235;0,0163699399617235
0,00232886095506497;0,00817641262401603;0,620915032679739;0,776;-0,0149694525504416;0,0192459243642644;0,992;"h_ndvi100_preg_None";"hs_Gen_Tot";0,256450349917782;0,797603113737933;-0,013928630387309;0,0181223181443111
0,000674834242636159;0,00529275689569419;0,819188191881919;0,916;-0,0101982529376049;0,011706537649032;0,986;"hs_dde_madj_Log2";"hs_Gen_Tot";0,304494889703638;0,760750885458943;-0,00876199546730407;0,0119852303216692
-0,00124876894988803;0,00412913232399096;0,501650165016502;0,788;-0,00973566658517574;0,0066830781274182;0,91;"hs_ddt_madj_Log2";"hs_Gen_Tot";0;1;-0,00809295064242246;0,00809295064242246
-2,7258139646898e-05;0,00568223367796656;0,954732510288066;1;-0,0111554852004855;0,0124932296517764;0,95;"hs_hcb_madj_Log2";"hs_Gen_Tot";-0,182339189676405;0,85531654524647;-0,0121730672449474;0,0101008794761626
0,00481294695590158;0,00866715571146595;0,366391184573003;0,548;-0,0121882402697479;0,0226605193880175;0,992;"hs_pcb118_madj_Log2";"hs_Gen_Tot";0,696214944443937;0,486294230014999;-0,0109531097107287;0,0230215163750191
-0,00354059975456935;0,00835201205074157;0,396501457725948;0,628;-0,0219275609052593;0,0156049611998774;0,958;"hs_pcb138_madj_Log2";"hs_Gen_Tot";0;1;-0,016369642817898;0,016369642817898
-0,00372463625894768;0,00955310170905348;0,574193548387097;0,76;-0,0265999176956653;0,012811723939033;0,976;"hs_pcb153_madj_Log2";"hs_Gen_Tot";-0,0227999890753238;0,981809816739945;-0,0189415459049947;0,018505924675791
-0,000208396224000012;0,00923145231100908;0,930232558139535;0,968;-0,0197681580517783;0,0177992552737764;0,996;"hs_pcb170_madj_Log2";"hs_Gen_Tot";0,0863197591253262;0,931212231588925;-0,0172964573147136;0,0188901707944401
0,00124057699001806;0,00890401725918523;0,951020408163265;1;-0,0135387664991822;0,0234027032757434;0,956;"hs_pcb180_madj_Log2";"hs_Gen_Tot";-0,447019529607542;0,654860959095494;-0,0214318227525445;0,0134712835389077
-0,00116206216949643;0,00813162547323308;0,686619718309859;0,864;-0,0189148661713005;0,0158607011088204;0,958;"hs_sumPCBs5_madj_Log2";"hs_Gen_Tot";-0,14000630220092;0,888655010999495;-0,0170761718766955;0,0147992142499151
0,000302371168240316;0,00597353600779541;0,804511278195489;0,936;-0,00914895924565904;0,0155757260700349;0,96;"hs_pfhxs_m_Log2";"hs_Gen_Tot";-0,546775970715747;0,584532653538898;-0,0149741013849;0,00844172948636437
-0,00255016907061831;0,00684233594551977;0,59468438538206;0,796;-0,0173863326401136;0,00932763009893495;0,96;"hs_pfna_m_Log2";"hs_Gen_Tot";-0,283446858136269;0,776834312889356;-0,015350170649413;0,0114712933972721
-0,00136734378558434;0,00617313793775295;0,737642585551331;0,948;-0,0161490832620543;0,0106632747598871;0,914;"hs_pfoa_m_Log2";"hs_Gen_Tot";-0,114611727242108;0,90875288397295;-0,0128066420311433;0,011391614028044
-0,00231281584020004;0,00685808111675066;0,548172757475083;0,796;-0,0166265163321179;0,0115891473491514;0,932;"hs_pfos_m_Log2";"hs_Gen_Tot";0;1;-0,0134415919918855;0,0134415919918855
0,00130381168463229;0,00490955302613257;0,786561264822134;0,988;-0,00668265014927821;0,0133501548702098;0,904;"hs_pfunda_m_Log2";"hs_Gen_Tot";-0,0209729332973719;0,983267247025354;-0,00972551483954646;0,00951957938327248
-0,000329942826689801;0,00432001140079911;0,837837837837838;0,964;-0,0100680609728388;0,0066754280133107;0,952;"e3_asmokcigd_p_None";"hs_Gen_Tot";0,216340226243809;0,828722555402805;-0,00753247451454397;0,0094016590021934
0,000978472629574766;0,0045085379597808;0,670411985018727;0,932;-0,00746287414808131;0,0105632102845653;0,892;"h_distinvnear1_preg_Log";"hs_Gen_Tot";0;1;-0,00883657202410207;0,00883657202410207
0,00031395587460801;0,00572314183963872;0,790441176470588;0,912;-0,0120385289059502;0,0114136952494362;0,974;"h_trafload_preg_pow1over3";"hs_Gen_Tot";0,204052451394899;0,838312510791948;-0,0100493307620472;0,0123849730061652
0,00149731664974273;0,00609382787244951;0,732600732600733;0,908;-0,0104146266684081;0,0152493056244994;0,946;"h_trafnear_preg_pow1over3";"hs_Gen_Tot";0,29783623381911;0,765828158247371;-0,0101287204149151;0,0137586459010596
-0,01117336863341;0,0116896129860455;0,173396674584323;0,316;-0,0352639693407056;0,00817827062169844;0,988;"h_bro_preg_Log";"hs_Gen_Tot";-0,516561451608119;0,605462331010579;-0,0289496238986697;0,0168728169930521
-0,000375035710785568;0,00658750573547876;0,868525896414343;0,996;-0,0122678056850014;0,0140126363877493;0,938;"h_clf_preg_Log";"hs_Gen_Tot";-0,0226889310529475;0,981898405304448;-0,0130607374529326;0,0127618105260462
0,00109714790251712;0,00895247619716941;0,762411347517731;0,872;-0,0165259562476265;0,0202049365204547;0,994;"h_thm_preg_Log";"hs_Gen_Tot";0,210888604511045;0,832974196446555;-0,0156585557067647;0,0194345061310436
-0,00135232411401466;0,00414489501746729;0,545454545454545;0,856;-0,0120226433327949;0,00581805388073459;0,884;"e3_alcpreg_yn_None_1";"hs_Gen_Tot";-0,238742293440691;0,811305419434857;-0,00911340669647643;0,00713428321139437
0,000587159597554517;0,00685408047480053;0,895196506550218;1;-0,0141385473106702;0,0150645900940338;0,868;"h_pamod_t3_None_Often";"hs_Gen_Tot";0;1;-0,0134337508777482;0,0134337508777482
-0,00172004697101186;0,00575910576601562;0,631205673758865;0,872;-0,0145663628324647;0,00886531642970119;0,92;"h_pamod_t3_None_Sometimes";"hs_Gen_Tot";-0,157254177435157;0,87504453197129;-0,0121932833245444;0,0103819964445507
0,000794951513753855;0,0075407417115418;0,797047970479705;0,916;-0,014224156216864;0,0177659752648555;0,974;"h_pamod_t3_None_Very Often";"hs_Gen_Tot";0,0106635647608754;0,991491867560059;-0,0146991709837548;0,0148599933589269
0,000500114275522299;0,00710671818630825;0,864541832669323;0,996;-0,0131774225092707;0,0171041292902817;0,936;"h_pavig_t3_None_Low";"hs_Gen_Tot";0,013278165093844;0,989405868384717;-0,0138345475160868;0,0140232758707932
0,00164507026344964;0,00758851464844233;0,765151515151515;0,944;-0,0112358442362663;0,0223922345124416;0,932;"h_pavig_t3_None_Medium";"hs_Gen_Tot";0;1;-0,0148732154071016;0,0148732154071016
-0,0196992362562635;0,0446945988038592;0,523510971786834;0,724;-0,115779966010448;0,0626895840892249;0,972;"h_abs_ratio_preg_Log";"hs_bmi_c_cat";-0,251605259842725;0,801346192630416;-0,0988452001046424;0,0763544078134197
-0,0353300209798741;0,050046633017425;0,266129032258065;0,512;-0,151319502133554;0,0501761035620021;0,942;"h_no2_ratio_preg_Log";"hs_bmi_c_cat";-0,294300279971109;0,768528458734501;-0,112818336370286;0,0833608601530067
0,0255875491098844;0,047932664507774;0,402332361516035;0,628;-0,0599073204519589;0,138472544068505;0,962;"h_pm10_ratio_preg_None";"hs_bmi_c_cat";0,00355329600058646;0,997164885947154;-0,0937759771731855;0,0941166150633713
-0,00283761315252318;0,041419952686637;0,864197530864197;1;-0,0873508198204745;0,0845096811983716;0,906;"h_pm25_ratio_preg_None";"hs_bmi_c_cat";0;1;-0,0811816155071615;0,0811816155071615
-0,018170559354198;0,0538161621209177;0,600671140939597;0,808;-0,143864301731812;0,0816495578610518;0,954;"h_accesslines300_preg_dic0";"hs_bmi_c_cat";-0,10814747058924;0,913878712858491;-0,111297821353365;0,0996576577329697
-0,0567266165035684;0,055772357347499;0,144893111638955;0,316;-0,169952752459858;0,03361697518224;0,964;"h_accesspoints300_preg_Log";"hs_bmi_c_cat";-0,72020077999486;0,471401383745319;-0,149479106997817;0,069144516470175
-0,00914228156141406;0,0463116505295052;0,745318352059925;0,932;-0,110031590030229;0,0786013318978892;0,932;"h_builtdens300_preg_Sqrt";"hs_bmi_c_cat";0;1;-0,0907691671024356;0,0907691671024356
-0,0285975698302678;0,0480540834745894;0,350684931506849;0,54;-0,135787221923018;0,0597881191179151;0,986;"h_connind300_preg_Sqrt";"hs_bmi_c_cat";-0,41698628187954;0,676688441767938;-0,114222166517475;0,0741463793230785
-0,077188490406216;0,0578744710267778;0,0445859872611465;0,116;-0,200446156925245;0,0068149412967748;0,984;"h_fdensity300_preg_Log";"hs_bmi_c_cat";-1,13156141120233;0,257818871271738;-0,17892039694444;0,0479433607291425
-0,0154102619713569;0,0420907427502841;0,540453074433657;0,764;-0,121803152544818;0,0655410820527514;0,952;"h_frichness300_preg_None";"hs_bmi_c_cat";0;1;-0,0824963398730972;0,0824963398730972
0,0206814309896195;0,039572035061921;0,364197530864198;0,704;-0,0470555940240762;0,108322072876511;0,884;"h_landuseshan300_preg_None";"hs_bmi_c_cat";0,0928540587139073;0,926019503832876;-0,0738853394492529;0,0812341875833897
0,0920071377781986;0,0595081151186408;0,0354906054279749;0,084;-0,0050722729999548;0,217763893120004;0,992;"h_popdens_preg_Sqrt";"hs_bmi_c_cat";1,39687594523752;0,162450879347863;-0,0335083078647451;0,199759216976054
-0,0499568032163428;0,0492721105059851;0,129411764705882;0,3;-0,153913999657291;0,0335938467028056;0,96;"h_walkability_mean_preg_None";"hs_bmi_c_cat";-0,810190490264579;0,417830702235365;-0,136491357401223;0,0566517666667938
0,0582454262443312;0,050311921996899;0,0857787810383747;0,228;-0,0185481303434497;0,161816615148552;0,962;"hs_as_m_Log2";"hs_bmi_c_cat";0,914185221569169;0,360619528205613;-0,0526151395486047;0,144603970665216
0,0300053305507883;0,0456045324506566;0,330645161290323;0,512;-0,0569011144263719;0,127707456215134;0,99;"hs_cd_m_Log2";"hs_bmi_c_cat";0,594601133233957;0,552110122395344;-0,0622667344593099;0,11649974781084
0,0638647675605766;0,0489784055075343;0,0703296703296703;0,18;-0,010847574647059;0,164507665148346;0,974;"hs_co_m_Log2";"hs_bmi_c_cat";1,05858426718579;0,289789155072355;-0,0441481413128437;0,147843680317087
0,0434947938383509;0,0438660562029069;0,14622641509434;0,304;-0,0232456113046465;0,142556148945956;0,972;"hs_cs_m_Log2";"hs_bmi_c_cat";0,662528538956016;0,507632551016039;-0,0569133761756329;0,115038404427382
-0,0264633342130416;0,0392333687702207;0,238356164383562;0,54;-0,119244037067016;0,0297644329339722;0,904;"hs_cu_m_Log2";"hs_bmi_c_cat";-0,0940788356386209;0,925046532517506;-0,0805870194338941;0,0732049601297281
-0,0210907303179778;0,0408463842733911;0,469255663430421;0,764;-0,111083117075987;0,0432138544853818;0,908;"hs_hg_m_Log2";"hs_bmi_c_cat";-0,116916801501218;0,906925983794677;-0,0848330706766643;0,0752818134723952
0,000469212011451382;0,0319344013756469;0,911111111111111;1;-0,0660384654436685;0,0730872100602419;0,86;"hs_mn_m_Log2";"hs_bmi_c_cat";0;1;-0,0625902765641143;0,0625902765641143
0,00589625739304662;0,0431214406409511;0,863070539419087;1;-0,0797607272134905;0,10023240694181;0,898;"hs_mo_m_Log2";"hs_bmi_c_cat";0;1;-0,0845164706177459;0,0845164706177459
0,0225273484978273;0,0367570629238483;0,258064516129032;0,636;-0,0400734675231588;0,113159705582176;0,858;"hs_pb_m_Log2";"hs_bmi_c_cat";0;1;-0,0720425195082152;0,0720425195082152
0,0151547060115317;0,0489284495185233;0,612582781456954;0,792;-0,0826708836202529;0,124145172384093;0,974;"h_humidity_preg_None";"hs_bmi_c_cat";0,0738764685776842;0,941108680027243;-0,0922833378122818;0,0995126599391018
-0,0666717114517646;0,0547508445459845;0,0953436807095344;0,196;-0,181836929995503;0,0274705680777465;0,988;"h_pressure_preg_None";"hs_bmi_c_cat";-0,948745337058462;0,342750149504512;-0,159254291896296;0,0553650749702654
0,00964305711811695;0,0487768593762288;0,638888888888889;0,848;-0,0927149631708959;0,115631051025985;0,944;"h_temperature_preg_None";"hs_bmi_c_cat";0;1;-0,0956008876563832;0,0956008876563832
-0,0184473506208906;0,0540494842408302;0,55;0,72;-0,122833220880903;0,0925193311594779;0,992;"h_ndvi100_preg_None";"hs_bmi_c_cat";-0,268848267905051;0,788046447855245;-0,120466152714301;0,0914039322756838
0,0870162198939861;0,050930574348506;0,0123203285420945;0,052;0,000738674056673635;0,194070751392783;0,986;"hs_dde_madj_Log2";"hs_bmi_c_cat";1,4876990540935;0,136830277175369;-0,0240527241523001;0,175591458717722
-0,00861887395876144;0,0365377111950492;0,602112676056338;0,864;-0,0865079834921266;0,0694282952146569;0,91;"hs_ddt_madj_Log2";"hs_bmi_c_cat";0;1;-0,0716125980198223;0,0716125980198223
-0,0359497097752843;0,0487984613442621;0,266666666666667;0,5;-0,145727119190536;0,0407155939542016;0,95;"hs_hcb_madj_Log2";"hs_bmi_c_cat";-0,36644755465793;0,714031140230993;-0,113525303566398;0,0777611499050493
-0,0190609436724918;0,0548519805920267;0,476190476190476;0,656;-0,134273948774438;0,10119887273555;0,992;"hs_pcb118_madj_Log2";"hs_bmi_c_cat";-0,264704762167297;0,791236908644751;-0,12202748691808;0,0929883259640447
-0,0143110119002021;0,0480750989475993;0,591362126245847;0,796;-0,120291892414301;0,0827338661232944;0,958;"hs_pcb138_madj_Log2";"hs_bmi_c_cat";0;1;-0,0942254624904941;0,0942254624904941
-0,00544103688289482;0,0464553011262474;0,82089552238806;0,928;-0,101044225010814;0,083540190636707;0,976;"hs_pcb153_madj_Log2";"hs_bmi_c_cat";-0,105283416413476;0,916150921621037;-0,0959416899114961;0,0861597442853198
-0,0867790324792759;0,064570176363111;0,0686695278969957;0,136;-0,224643215946405;0,0208090654279527;0,996;"hs_pcb170_madj_Log2";"hs_bmi_c_cat";-1,19922296418671;0,230441260190966;-0,203989258443326;0,0491211818508683
-0,0436623562188036;0,0505371668915749;0,183168316831683;0,384;-0,163330534422371;0,0350710231487816;0,956;"hs_pcb180_madj_Log2";"hs_bmi_c_cat";-0,566119938598586;0,571312250061515;-0,127661124805782;0,070440929170572
-0,0448924959304956;0,0523329359908437;0,212658227848101;0,42;-0,160103443732598;0,0396406921725247;0,958;"hs_sumPCBs5_madj_Log2";"hs_bmi_c_cat";-0,485981936160453;0,626979973393478;-0,128003531305085;0,0771378081895023
-0,056894442294032;0,0461154871173915;0,0643015521064302;0,196;-0,15495285128064;0,0117486522865509;0,96;"hs_pfhxs_m_Log2";"hs_bmi_c_cat";-0,944845522138163;0,344737747524654;-0,133956705383696;0,0468126823755207
0,0384735332199671;0,044188743041709;0,188118811881188;0,384;-0,0381943752631609;0,134499444677474;0,96;"hs_pfna_m_Log2";"hs_bmi_c_cat";0,525418885430874;0,599292027831771;-0,0633907447662786;0,109825945001411
0,0277045899932139;0,045930443661255;0,305714285714286;0,6;-0,0426234806045446;0,128424356028291;0,914;"hs_pfoa_m_Log2";"hs_bmi_c_cat";0,0999888515430202;0,920353176267673;-0,0854294830574555;0,094614547682556
-0,0227541214509941;0,0495002932549985;0,484076433121019;0,744;-0,13562047320414;0,0672363959190714;0,932;"hs_pfos_m_Log2";"hs_bmi_c_cat";0;1;-0,0970187920039679;0,0970187920039679
-0,0388585309510872;0,0594498086186485;0,357357357357357;0,668;-0,180658258636714;0,0396569251586589;0,904;"hs_pfunda_m_Log2";"hs_bmi_c_cat";-0,107325028522684;0,914531129327478;-0,122899936186014;0,110139031374685
0,00558722172976774;0,0430430578245123;0,975103734439834;1;-0,0632236924101726;0,113134147602849;0,952;"e3_asmokcigd_p_None";"hs_bmi_c_cat";-0,0158716595871521;0,987336779527746;-0,0850460078818998;0,0836796783591382
-0,00311489332833108;0,0410904606098491;0,991071428571429;1;-0,0981921372969323;0,0808753501951244;0,892;"h_distinvnear1_preg_Log";"hs_bmi_c_cat";0;1;-0,0805358229034659;0,0805358229034659
0,0827597333280373;0,0501364068137547;0,0145833333333333;0,08;0;0,183122161569904;0,974;"h_trafload_preg_pow1over3";"hs_bmi_c_cat";1,45900739859476;0,144563071352851;-0,0251161631889829;0,171414940149433
-0,0192789472449939;0,0483035491601711;0,482758620689655;0,724;-0,124671890012456;0,0748302900146945;0,946;"h_trafnear_preg_pow1over3";"hs_bmi_c_cat";-0,165281070772839;0,868722757241727;-0,102656879006717;0,0866895543520737
0,000988364144255906;0,0515191875494805;1;1;-0,103305314777257;0,103173789442611;0,988;"h_bro_preg_Log";"hs_bmi_c_cat";-0,0153632250107582;0,987742402152451;-0,10176725298044;0,100184251239052
-0,036709527604212;0,0508328080567133;0,247340425531915;0,496;-0,151185617899037;0,0409292695907871;0,938;"h_clf_preg_Log";"hs_bmi_c_cat";-0,265751552503641;0,790430557302372;-0,113139370683387;0,0861215753650044
-0,0801796496324844;0,0563417615987006;0,0485232067510548;0,104;-0,206111421819859;0,0153788835190404;0,994;"h_thm_preg_Log";"hs_bmi_c_cat";-1,24849432603476;0,211850084989954;-0,180770193233776;0,0400854538842141
-0,0232769974959605;0,0366838829973158;0,288629737609329;0,628;-0,111913607990374;0,0319361592461607;0,884;"e3_alcpreg_yn_None_1";"hs_bmi_c_cat";-0,116549022744559;0,907217436255563;-0,0761745602016331;0,0676236187740073
-0,00618677743852888;0,0342012543526509;0,708661417322835;0,984;-0,0812585613974556;0,0634389760551382;0,868;"h_pamod_t3_None_Often";"hs_bmi_c_cat";0;1;-0,0670332267572896;0,0670332267572896
0,0298189998333104;0,038767058906952;0,176470588235294;0,436;-0,0272944132752338;0,127212200172213;0,92;"h_pamod_t3_None_Sometimes";"hs_bmi_c_cat";0,332706085421987;0,739356155511168;-0,0630840028319131;0,0888800756564242
0,0530162515596742;0,0448847373589051;0,0846325167037862;0,204;-0,0249619623130229;0,149912864115267;0,974;"h_pamod_t3_None_Very Often";"hs_bmi_c_cat";0,904059442371723;0,365963882687411;-0,0473939980513005;0,128550939306687
-0,0297982749043056;0,0413877830369078;0,292817679558011;0,552;-0,117903813039268;0,0383569391446746;0,936;"h_pavig_t3_None_Low";"hs_bmi_c_cat";-0,24643011378111;0,805349297429;-0,0913177602352301;0,0709193680693639
0,0163262649058855;0,040537152571183;0,527868852459016;0,78;-0,0578843570477284;0,118010269891129;0,932;"h_pavig_t3_None_Medium";"hs_bmi_c_cat";0;1;-0,0794513590753239;0,0794513590753239
