"exposure";"outcome";"lambda";"selection_tol";"beta_original";"beta_boot_mean_all";"beta_boot_mean_selected";"beta_boot_median_selected";"beta_boot_sd_all";"beta_boot_q025_all";"beta_boot_q975_all";"beta_boot_q025_selected";"beta_boot_q975_selected";"n_selected";"sel_prob";"sel_prob_threshold";"passes_sel_prob";"sign_consistency";"sign_consistency_threshold";"passes_sign_consistency";"passes_stability_filter";"prop_positive";"prop_negative";"prop_zero"
"h_pm10_ratio_preg_None";"e3_bw";0,000121507529397887;1e-12;-7,05148187897228e-05;-0,0111813848208397;-0,0111813848208397;-0,0111972574455269;0,00452564373083546;-0,0193666275046781;-0,00206711015888629;-0,0193666275046781;-0,00206711015888629;100;1;0,9;TRUE;0,99;0,8;TRUE;TRUE;0,01;0,99;0
"h_accesslines300_preg_dic0";"e3_bw";0,000121507529397887;1e-12;6,00712111190953e-06;0,034091018264216;0,034091018264216;0,0343218141108258;0,0115588755912966;0,00834666066635369;0,0553067509711835;0,00834666066635369;0,0553067509711835;100;1;0,9;TRUE;1;0,8;TRUE;TRUE;1;0;0
"h_accesspoints300_preg_Log";"e3_bw";0,000121507529397887;1e-12;0,000128535609597985;0,00628997149242707;0,00628997149242707;0,0063010701570942;0,00432488923939083;-0,00251622254324948;0,0142325506478853;-0,00251622254324948;0,0142325506478853;100;1;0,9;TRUE;0,94;0,8;TRUE;TRUE;0,94;0,06;0
"h_connind300_preg_Sqrt";"e3_bw";0,000121507529397887;1e-12;1,74504387225887e-05;0,00402877911266496;0,00402877911266496;0,00449860803826672;0,00365934478673017;-0,00338572986857901;0,00977697921111704;-0,00338572986857901;0,00977697921111704;100;1;0,9;TRUE;0,83;0,8;TRUE;TRUE;0,83;0,17;0
"h_frichness300_preg_None";"e3_bw";0,000121507529397887;1e-12;0,000106192864094424;0,0108369122365407;0,0108369122365407;0,010608825378958;0,00359612705979037;0,00442007111152216;0,0177361030606315;0,00442007111152216;0,0177361030606315;100;1;0,9;TRUE;1;0,8;TRUE;TRUE;1;0;0
"h_landuseshan300_preg_None";"e3_bw";0,000121507529397887;1e-12;6,55186312171232e-05;0,00583425175215499;0,00583425175215499;0,00611942191424817;0,00307037033378417;-0,0001400499813264;0,0110807941286111;-0,0001400499813264;0,0110807941286111;100;1;0,9;TRUE;0,97;0,8;TRUE;TRUE;0,97;0,03;0
"h_walkability_mean_preg_None";"e3_bw";0,000121507529397887;1e-12;-5,78352812866705e-06;-0,0102028946984546;-0,0102028946984546;-0,0100304784447192;0,00342272907068471;-0,0170626083609897;-0,00415315957237308;-0,0170626083609897;-0,00415315957237308;100;1;0,9;TRUE;1;0,8;TRUE;TRUE;0;1;0
"hs_co_m_Log2";"e3_bw";0,000121507529397887;1e-12;0,000141998973645003;0,0027856259360201;0,0027856259360201;0,00283520545894372;0,0032394951783478;-0,00382062419044674;0,00961691404161733;-0,00382062419044674;0,00961691404161733;100;1;0,9;TRUE;0,8;0,8;TRUE;TRUE;0,8;0,2;0
"hs_cs_m_Log2";"e3_bw";0,000121507529397887;1e-12;-0,000328448908398943;-0,00904734760456332;-0,00904734760456332;-0,00870989855280192;0,00274388230511253;-0,0145176803703236;-0,00370904132560434;-0,0145176803703236;-0,00370904132560434;100;1;0,9;TRUE;1;0,8;TRUE;TRUE;0;1;0
"hs_pb_m_Log2";"e3_bw";0,000121507529397887;1e-12;-7,33010665424836e-05;-0,00220835086027546;-0,00220835086027546;-0,00247227839457257;0,00242007723583109;-0,0070827139543822;0,00268342358974684;-0,0070827139543822;0,00268342358974684;100;1;0,9;TRUE;0,81;0,8;TRUE;TRUE;0,19;0,81;0
"h_pressure_preg_None";"e3_bw";0,000121507529397887;1e-12;-4,95335754561173e-06;-0,0338654694475662;-0,0338654694475662;-0,0338164132084692;0,00509234549714115;-0,0428754043644296;-0,0231771787128049;-0,0428754043644296;-0,0231771787128049;100;1;0,9;TRUE;1;0,8;TRUE;TRUE;0;1;0
"h_ndvi100_preg_None";"e3_bw";0,000121507529397887;1e-12;3,47807867810858e-05;0,00789113005225135;0,00789113005225135;0,00792805497621509;0,00362921777183996;0,000637563185386242;0,0146855537640656;0,000637563185386242;0,0146855537640656;100;1;0,9;TRUE;0,98;0,8;TRUE;TRUE;0,98;0,02;0
"hs_dde_madj_Log2";"e3_bw";0,000121507529397887;1e-12;-0,000204031923088316;-0,00491090715358617;-0,00491090715358617;-0,00477820636678904;0,00296822852265763;-0,0104336957363862;0,000838533454169728;-0,0104336957363862;0,000838533454169728;100;1;0,9;TRUE;0,95;0,8;TRUE;TRUE;0,05;0,95;0
"hs_pcb138_madj_Log2";"e3_bw";0,000121507529397887;1e-12;-2,83385457543608e-05;-0,00632404999068749;-0,00632404999068749;-0,00609206184778012;0,00370000791795554;-0,0142179738029048;-5,85375581797667e-06;-0,0142179738029048;-5,85375581797667e-06;100;1;0,9;TRUE;0,97;0,8;TRUE;TRUE;0,03;0,97;0
"hs_pcb153_madj_Log2";"e3_bw";0,000121507529397887;1e-12;-2,85258765548978e-05;-0,00827385770909836;-0,00827385770909836;-0,00825207771238015;0,00372269745910592;-0,0149844254148934;-0,00184837610565098;-0,0149844254148934;-0,00184837610565098;100;1;0,9;TRUE;0,99;0,8;TRUE;TRUE;0,01;0,99;0
"hs_pfna_m_Log2";"e3_bw";0,000121507529397887;1e-12;-0,000311523812491425;-0,00861836538422939;-0,00861836538422939;-0,008439330734802;0,00370341959192094;-0,0168346653984554;-0,00246029694528878;-0,0168346653984554;-0,00246029694528878;100;1;0,9;TRUE;0,99;0,8;TRUE;TRUE;0,01;0,99;0
"hs_pfos_m_Log2";"e3_bw";0,000121507529397887;1e-12;-0,000217306335320824;-0,00890658134208097;-0,00890658134208097;-0,00959244756491306;0,00363240834675152;-0,0152397597642809;-0,00235487199023185;-0,0152397597642809;-0,00235487199023185;100;1;0,9;TRUE;1;0,8;TRUE;TRUE;0;1;0
"e3_asmokcigd_p_None";"e3_bw";0,000121507529397887;1e-12;-0,000336199854898843;-0,00317315026754118;-0,00317315026754118;-0,00282145923808109;0,00263793004940925;-0,00869883533081922;0,00130966558766575;-0,00869883533081922;0,00130966558766575;100;1;0,9;TRUE;0,87;0,8;TRUE;TRUE;0,13;0,87;0
"h_thm_preg_Log";"e3_bw";0,000121507529397887;1e-12;9,40409279505463e-06;0,00482228917846991;0,00482228917846991;0,00459142081250239;0,00376962726019881;-0,00161845711404445;0,0126830863895728;-0,00161845711404445;0,0126830863895728;100;1;0,9;TRUE;0,88;0,8;TRUE;TRUE;0,88;0,12;0
"h_pamod_t3_None_Often";"e3_bw";0,000121507529397887;1e-12;0,000155782743560938;0,123683555684579;0,123683555684579;0,122369357797085;0,00955344096223721;0,107148430274268;0,143046897387535;0,107148430274268;0,143046897387535;100;1;0,9;TRUE;1;0,8;TRUE;TRUE;1;0;0
"h_pavig_t3_None_Medium";"e3_bw";0,000121507529397887;1e-12;3,24459071819492e-05;0,12857444493548;0,12857444493548;0,12737842531383;0,0117278177100634;0,106111655672383;0,153208364380283;0,106111655672383;0,153208364380283;100;1;0,9;TRUE;1;0,8;TRUE;TRUE;1;0;0
"h_abs_ratio_preg_Log";"hs_asthma";0,000121507529397887;1e-12;-6,9701173855326e-07;-0,0892768262126676;-0,0892768262126676;-0,0868870509026723;0,0704356894408957;-0,204936867979898;0,0536098067259518;-0,204936867979898;0,0536098067259518;100;1;0,9;TRUE;0,9;0,8;TRUE;TRUE;0,1;0,9;0
"h_no2_ratio_preg_Log";"hs_asthma";0,000121507529397887;1e-12;-2,45343933934622e-06;-0,070603839029139;-0,070603839029139;-0,0673316165567381;0,0604533746934295;-0,188401093085405;0,0484859094407698;-0,188401093085405;0,0484859094407698;100;1;0,9;TRUE;0,9;0,8;TRUE;TRUE;0,1;0,9;0
"h_accesslines300_preg_dic0";"hs_asthma";0,000121507529397887;1e-12;-6,26891671401001e-07;-0,216144779786309;-0,216144779786309;-0,230884947512416;0,173454004261588;-0,51627537579326;0,09538853432569;-0,51627537579326;0,09538853432569;100;1;0,9;TRUE;0,91;0,8;TRUE;TRUE;0,09;0,91;0
"h_connind300_preg_Sqrt";"hs_asthma";0,000121507529397887;1e-12;3,29482937100966e-06;0,0692843394440511;0,0692843394440511;0,0737687088986552;0,066494383607764;-0,0513104979251965;0,201791077452799;-0,0513104979251965;0,201791077452799;100;1;0,9;TRUE;0,83;0,8;TRUE;TRUE;0,83;0,17;0
"h_landuseshan300_preg_None";"hs_asthma";0,000121507529397887;1e-12;-4,2402512622518e-06;-0,0652015569538169;-0,0652015569538169;-0,0623598054246476;0,0725523933044611;-0,187065661273724;0,0756618509635363;-0,187065661273724;0,0756618509635363;100;1;0,9;TRUE;0,82;0,8;TRUE;TRUE;0,18;0,82;0
"h_popdens_preg_Sqrt";"hs_asthma";0,000121507529397887;1e-12;-9,02065304929587e-06;-0,136701839253673;-0,136701839253673;-0,13446716338339;0,061006033061299;-0,248449859294817;-0,0255100685476896;-0,248449859294817;-0,0255100685476896;100;1;0,9;TRUE;0,99;0,8;TRUE;TRUE;0,01;0,99;0
"h_walkability_mean_preg_None";"hs_asthma";0,000121507529397887;1e-12;4,34775750603229e-06;0,122707655936272;0,122707655936272;0,12519513903094;0,0632244548248462;-0,0155904518698678;0,242921338455328;-0,0155904518698678;0,242921338455328;100;1;0,9;TRUE;0,96;0,8;TRUE;TRUE;0,96;0,04;0
"hs_cd_m_Log2";"hs_asthma";0,000121507529397887;1e-12;-8,30421794171584e-06;-0,191113080833733;-0,191113080833733;-0,189590807811394;0,074982702486081;-0,32302924905354;-0,0342480534429873;-0,32302924905354;-0,0342480534429873;100;1;0,9;TRUE;1;0,8;TRUE;TRUE;0;1;0
"hs_mo_m_Log2";"hs_asthma";0,000121507529397887;1e-12;1,49222054586499e-06;0,0640691996982154;0,0640691996982154;0,0592464121865117;0,0698786960449816;-0,0687421355629319;0,192409955961926;-0,0687421355629319;0,192409955961926;100;1;0,9;TRUE;0,82;0,8;TRUE;TRUE;0,82;0,18;0
"h_pressure_preg_None";"hs_asthma";0,000121507529397887;1e-12;7,27964115873168e-07;0,101120050160742;0,101120050160742;0,103836263860801;0,0593437572283761;-0,01119300487082;0,197057026601046;-0,01119300487082;0,197057026601046;100;1;0,9;TRUE;0,96;0,8;TRUE;TRUE;0,96;0,04;0
"h_ndvi100_preg_None";"hs_asthma";0,000121507529397887;1e-12;2,07514808358139e-06;0,119644212115541;0,119644212115541;0,112354762338938;0,0632016512547831;0,0141959572116468;0,241577115432298;0,0141959572116468;0,241577115432298;100;1;0,9;TRUE;0,99;0,8;TRUE;TRUE;0,99;0,01;0
"hs_hcb_madj_Log2";"hs_asthma";0,000121507529397887;1e-12;3,87988917046905e-06;0,102621834932989;0,102621834932989;0,0999459969446308;0,0593379884640011;-0,00106559501113033;0,230054822760557;-0,00106559501113033;0,230054822760557;100;1;0,9;TRUE;0,97;0,8;TRUE;TRUE;0,97;0,03;0
"hs_pcb118_madj_Log2";"hs_asthma";0,000121507529397887;1e-12;2,78337055118918e-06;0,146845127808959;0,146845127808959;0,150604796186368;0,0790574417756364;-0,0119358957766164;0,292015319561945;-0,0119358957766164;0,292015319561945;100;1;0,9;TRUE;0,95;0,8;TRUE;TRUE;0,95;0,05;0
"hs_pcb138_madj_Log2";"hs_asthma";0,000121507529397887;1e-12;3,96536598256495e-06;0,0476480615238832;0,0476480615238832;0,0445878228472202;0,0507412593351859;-0,0418487675929487;0,145783189682205;-0,0418487675929487;0,145783189682205;100;1;0,9;TRUE;0,82;0,8;TRUE;TRUE;0,82;0,18;0
"hs_pcb153_madj_Log2";"hs_asthma";0,000121507529397887;1e-12;2,7020079980386e-06;0,130491168160405;0,130491168160405;0,132632566752596;0,0547123787880599;0,0257102151359237;0,225257560295855;0,0257102151359237;0,225257560295855;100;1;0,9;TRUE;0,99;0,8;TRUE;TRUE;0,99;0,01;0
"hs_pcb170_madj_Log2";"hs_asthma";0,000121507529397887;1e-12;-2,41160039947552e-07;-0,0782427133184621;-0,0782427133184621;-0,0777304425036505;0,0627922338099686;-0,197227574749586;0,0457995522970817;-0,197227574749586;0,0457995522970817;100;1;0,9;TRUE;0,91;0,8;TRUE;TRUE;0,09;0,91;0
"e3_asmokcigd_p_None";"hs_asthma";0,000121507529397887;1e-12;4,43699741841797e-06;0,138790765354689;0,138790765354689;0,140698355041166;0,0647023031256766;0,00544679813003873;0,252790605349014;0,00544679813003873;0,252790605349014;100;1;0,9;TRUE;0,97;0,8;TRUE;TRUE;0,97;0,03;0
"h_clf_preg_Log";"hs_asthma";0,000121507529397887;1e-12;-5,04497671101722e-07;-0,0906531972606179;-0,0906531972606179;-0,0938795574697012;0,065283056825131;-0,198780183461831;0,0287874142428299;-0,198780183461831;0,0287874142428299;100;1;0,9;TRUE;0,9;0,8;TRUE;TRUE;0,1;0,9;0
"e3_alcpreg_yn_None_1";"hs_asthma";0,000121507529397887;1e-12;-1,34137668117615e-06;-0,266869146777958;-0,266869146777958;-0,273882474035919;0,133865091607815;-0,522610983120123;-0,0405708080891337;-0,522610983120123;-0,0405708080891337;100;1;0,9;TRUE;0,99;0,8;TRUE;TRUE;0,01;0,99;0
"h_pamod_t3_None_Often";"hs_asthma";0,000121507529397887;1e-12;-3,27912062016718e-06;-0,328026758478022;-0,328026758478022;-0,336104587822136;0,124783413467787;-0,561159712622721;-0,0896724233585829;-0,561159712622721;-0,0896724233585829;100;1;0,9;TRUE;0,99;0,8;TRUE;TRUE;0,01;0,99;0
"h_pamod_t3_None_Very Often";"hs_asthma";0,000121507529397887;1e-12;-2,00044958899815e-07;-0,296199829508923;-0,296199829508923;-0,296589933521038;0,116221475757695;-0,505246480813955;-0,101468298627643;-0,505246480813955;-0,101468298627643;100;1;0,9;TRUE;1;0,8;TRUE;TRUE;0;1;0
"h_pavig_t3_None_Low";"hs_asthma";0,000121507529397887;1e-12;-0,000883749182341055;-0,551847901498853;-0,551847901498853;-0,554051190394335;0,122218164707178;-0,784966310945014;-0,310053083056782;-0,784966310945014;-0,310053083056782;100;1;0,9;TRUE;1;0,8;TRUE;TRUE;0;1;0
"h_pavig_t3_None_Medium";"hs_asthma";0,000121507529397887;1e-12;-5,97117177659182e-07;-0,365847475747115;-0,365847475747115;-0,353320784216006;0,126130921989468;-0,608404471788786;-0,146297475643208;-0,608404471788786;-0,146297475643208;100;1;0,9;TRUE;1;0,8;TRUE;TRUE;0;1;0
"h_abs_ratio_preg_Log";"hs_zbmi_who";0,000121507529397887;1e-12;-4,16287508965675e-05;-0,00979284741199346;-0,00979284741199346;-0,00949223047934648;0,00631612920766174;-0,0223557199851825;0,000412558654656932;-0,0223557199851825;0,000412558654656932;100;1;0,9;TRUE;0,95;0,8;TRUE;TRUE;0,05;0,95;0
"h_pm25_ratio_preg_None";"hs_zbmi_who";0,000121507529397887;1e-12;-3,21632222923887e-05;-0,00353305727843329;-0,00353305727843329;-0,00434292886486313;0,0043899737451035;-0,0117616569498313;0,00570905298760253;-0,0117616569498313;0,00570905298760253;100;1;0,9;TRUE;0,81;0,8;TRUE;TRUE;0,19;0,81;0
"h_popdens_preg_Sqrt";"hs_zbmi_who";0,000121507529397887;1e-12;5,30547619795153e-05;0,013553050376286;0,013553050376286;0,0135936669816906;0,00502716729445441;0,00363441544936524;0,0233512130719458;0,00363441544936524;0,0233512130719458;100;1;0,9;TRUE;1;0,8;TRUE;TRUE;1;0;0
"h_walkability_mean_preg_None";"hs_zbmi_who";0,000121507529397887;1e-12;-4,14449814561691e-05;-0,0144924517666282;-0,0144924517666282;-0,0144840939740041;0,00418342032617228;-0,0222445327316025;-0,00575001167361104;-0,0222445327316025;-0,00575001167361104;100;1;0,9;TRUE;1;0,8;TRUE;TRUE;0;1;0
"hs_as_m_Log2";"hs_zbmi_who";0,000121507529397887;1e-12;4,43373490800612e-05;0,00983109279929556;0,00983109279929556;0,0101612849840568;0,00403100901696315;0,00250524371890312;0,0171249421802606;0,00250524371890312;0,0171249421802606;100;1;0,9;TRUE;1;0,8;TRUE;TRUE;1;0;0
"hs_cd_m_Log2";"hs_zbmi_who";0,000121507529397887;1e-12;0,000111661856373167;0,00562958623598014;0,00562958623598014;0,00576950061131525;0,00382290937833827;-0,00222825546776356;0,0127621496719822;-0,00222825546776356;0,0127621496719822;100;1;0,9;TRUE;0,92;0,8;TRUE;TRUE;0,92;0,08;0
"hs_cu_m_Log2";"hs_zbmi_who";0,000121507529397887;1e-12;-2,99988596702819e-06;-0,00503911316195538;-0,00503911316195538;-0,00498590793271211;0,00414614251923599;-0,012797758962431;0,00228067095991308;-0,012797758962431;0,00228067095991308;100;1;0,9;TRUE;0,89;0,8;TRUE;TRUE;0,11;0,89;0
"hs_hg_m_Log2";"hs_zbmi_who";0,000121507529397887;1e-12;-3,07352879615549e-05;-0,00448946176691916;-0,00448946176691916;-0,003688052588189;0,00428370217864735;-0,0117371409589455;0,00277356607106195;-0,0117371409589455;0,00277356607106195;100;1;0,9;TRUE;0,85;0,8;TRUE;TRUE;0,15;0,85;0
"h_humidity_preg_None";"hs_zbmi_who";0,000121507529397887;1e-12;3,67341794167234e-05;0,0336182021133743;0,0336182021133743;0,0337215863947149;0,00598121586297828;0,0235653252874156;0,0442903014345249;0,0235653252874156;0,0442903014345249;100;1;0,9;TRUE;1;0,8;TRUE;TRUE;1;0;0
"h_ndvi100_preg_None";"hs_zbmi_who";0,000121507529397887;1e-12;2,80189280953292e-05;0,00494658723843497;0,00494658723843497;0,0053631904290395;0,00507726532421628;-0,00496905867163385;0,0141370186598013;-0,00496905867163385;0,0141370186598013;100;1;0,9;TRUE;0,83;0,8;TRUE;TRUE;0,83;0,17;0
"hs_ddt_madj_Log2";"hs_zbmi_who";0,000121507529397887;1e-12;-2,13539274314392e-05;-0,00387567272448381;-0,00387567272448381;-0,00363099776911043;0,00362633014557214;-0,0100768899550293;0,00332036093463784;-0,0100768899550293;0,00332036093463784;100;1;0,9;TRUE;0,89;0,8;TRUE;TRUE;0,11;0,89;0
"hs_hcb_madj_Log2";"hs_zbmi_who";0,000121507529397887;1e-12;-7,50092328982058e-05;-0,00468771596100623;-0,00468771596100623;-0,00458456164139008;0,00416539447412493;-0,013113369865823;0,0027808717465744;-0,013113369865823;0,0027808717465744;100;1;0,9;TRUE;0,86;0,8;TRUE;TRUE;0,14;0,86;0
"hs_pcb138_madj_Log2";"hs_zbmi_who";0,000121507529397887;1e-12;-7,22725808747163e-05;-0,00871721603136894;-0,00871721603136894;-0,00874041608990729;0,00583089411212583;-0,0185317789530611;0,00357439445504778;-0,0185317789530611;0,00357439445504778;100;1;0,9;TRUE;0,92;0,8;TRUE;TRUE;0,08;0,92;0
"hs_pcb153_madj_Log2";"hs_zbmi_who";0,000121507529397887;1e-12;-2,03907329301477e-05;-0,008092053385876;-0,008092053385876;-0,00740322148920923;0,00553400284863553;-0,0174324395371262;0,00270821592293717;-0,0174324395371262;0,00270821592293717;100;1;0,9;TRUE;0,92;0,8;TRUE;TRUE;0,08;0,92;0
"hs_pcb170_madj_Log2";"hs_zbmi_who";0,000121507529397887;1e-12;-5,22820916593409e-05;-0,00908165909336968;-0,00908165909336968;-0,0095626513838371;0,00646845819238034;-0,0199374273445945;0,00337087912547529;-0,0199374273445945;0,00337087912547529;100;1;0,9;TRUE;0,9;0,8;TRUE;TRUE;0,1;0,9;0
"hs_sumPCBs5_madj_Log2";"hs_zbmi_who";0,000121507529397887;1e-12;-2,58565858354964e-05;-0,00506771142045209;-0,00506771142045209;-0,00540081576545886;0,00497526077304403;-0,013380662040677;0,00515524798332348;-0,013380662040677;0,00515524798332348;100;1;0,9;TRUE;0,85;0,8;TRUE;TRUE;0,15;0,85;0
"hs_pfoa_m_Log2";"hs_zbmi_who";0,000121507529397887;1e-12;8,57596574244173e-06;0,00449551577063305;0,00449551577063305;0,00418989251855788;0,00513632752091687;-0,00512802107717371;0,014364489503424;-0,00512802107717371;0,014364489503424;100;1;0,9;TRUE;0,83;0,8;TRUE;TRUE;0,83;0,17;0
"hs_pfos_m_Log2";"hs_zbmi_who";0,000121507529397887;1e-12;-4,20806066140486e-05;-0,0102992122060169;-0,0102992122060169;-0,0103200218121012;0,0052721639070873;-0,020069908151306;-0,00131827924839763;-0,020069908151306;-0,00131827924839763;100;1;0,9;TRUE;0,98;0,8;TRUE;TRUE;0,02;0,98;0
"hs_pfunda_m_Log2";"hs_zbmi_who";0,000121507529397887;1e-12;-7,5391596249817e-05;-0,00832745928028587;-0,00832745928028587;-0,00724484920442292;0,00558077518300225;-0,0197879854205212;-0,000109295093005342;-0,0197879854205212;-0,000109295093005342;100;1;0,9;TRUE;0,98;0,8;TRUE;TRUE;0,02;0,98;0
"h_trafload_preg_pow1over3";"hs_zbmi_who";0,000121507529397887;1e-12;6,42729790090818e-05;0,00735880165209724;0,00735880165209724;0,00743661371794701;0,00361088533335375;-4,38876797171669e-05;0,0144900395296592;-4,38876797171669e-05;0,0144900395296592;100;1;0,9;TRUE;0,97;0,8;TRUE;TRUE;0,97;0,03;0
"h_trafnear_preg_pow1over3";"hs_zbmi_who";0,000121507529397887;1e-12;-1,28578858097166e-05;-0,0081370243893757;-0,0081370243893757;-0,00833225256193609;0,00545185516834679;-0,0193418606489796;0,00353415635738793;-0,0193418606489796;0,00353415635738793;100;1;0,9;TRUE;0,93;0,8;TRUE;TRUE;0,07;0,93;0
"h_bro_preg_Log";"hs_zbmi_who";0,000121507529397887;1e-12;1,07159820917134e-05;0,00818335638819705;0,00818335638819705;0,00794980525100017;0,00577943666315602;-0,00285073245289148;0,0182865610960568;-0,00285073245289148;0,0182865610960568;100;1;0,9;TRUE;0,92;0,8;TRUE;TRUE;0,92;0,08;0
"h_clf_preg_Log";"hs_zbmi_who";0,000121507529397887;1e-12;6,13763693373045e-05;0,00650176577345121;0,00650176577345121;0,00626625747449043;0,00446347062437232;-0,00110077367229343;0,0149547994554884;-0,00110077367229343;0,0149547994554884;100;1;0,9;TRUE;0,93;0,8;TRUE;TRUE;0,93;0,07;0
"h_pamod_t3_None_Sometimes";"hs_zbmi_who";0,000121507529397887;1e-12;2,67378586133191e-05;0,0965558351779718;0,0965558351779718;0,096507264126171;0,0122187269646181;0,0717886498833602;0,119224273092727;0,0717886498833602;0,119224273092727;100;1;0,9;TRUE;1;0,8;TRUE;TRUE;1;0;0
"h_pamod_t3_None_Very Often";"hs_zbmi_who";0,000121507529397887;1e-12;2,60079588495771e-05;0,107975069481987;0,107975069481987;0,107641093145354;0,010692295198871;0,0877779418461318;0,125311086990269;0,0877779418461318;0,125311086990269;100;1;0,9;TRUE;1;0,8;TRUE;TRUE;1;0;0
"h_pavig_t3_None_Medium";"hs_zbmi_who";0,000121507529397887;1e-12;2,8302026754857e-05;0,11400433113545;0,11400433113545;0,114139724819579;0,0131366750972104;0,0888194139255437;0,136889538433168;0,0888194139255437;0,136889538433168;100;1;0,9;TRUE;1;0,8;TRUE;TRUE;1;0;0
"h_no2_ratio_preg_Log";"hs_correct_raven";0,000121507529397887;1e-12;0,000181170903721421;0,0156524336861226;0,0156524336861226;0,0150778853675763;0,00731093739346143;0,00343186886211041;0,0312042764275982;0,00343186886211041;0,0312042764275982;100;1;0,9;TRUE;1;0,8;TRUE;TRUE;1;0;0
"h_pm25_ratio_preg_None";"hs_correct_raven";0,000121507529397887;1e-12;0,000107525126699491;0,00614945574109243;0,00614945574109243;0,00653546056359156;0,00580503680822972;-0,00493558653104493;0,0166514118899869;-0,00493558653104493;0,0166514118899869;100;1;0,9;TRUE;0,85;0,8;TRUE;TRUE;0,85;0,15;0
"h_accesslines300_preg_dic0";"hs_correct_raven";0,000121507529397887;1e-12;7,19021302917184e-06;0,0190431972668051;0,0190431972668051;0,0186711944137238;0,0168186293287305;-0,0128671547028774;0,0553026518236303;-0,0128671547028774;0,0553026518236303;100;1;0,9;TRUE;0,86;0,8;TRUE;TRUE;0,86;0,14;0
"h_builtdens300_preg_Sqrt";"hs_correct_raven";0,000121507529397887;1e-12;0,000156775856555936;0,00658007172144303;0,00658007172144303;0,00651409009156547;0,00567488429834618;-0,00427768238938124;0,0179646349107897;-0,00427768238938124;0,0179646349107897;100;1;0,9;TRUE;0,87;0,8;TRUE;TRUE;0,87;0,13;0
"h_fdensity300_preg_Log";"hs_correct_raven";0,000121507529397887;1e-12;0,000140466894366063;0,0168495980731413;0,0168495980731413;0,0171353261656024;0,00678317267842137;0,00427472047975622;0,0297326525508785;0,00427472047975622;0,0297326525508785;100;1;0,9;TRUE;1;0,8;TRUE;TRUE;1;0;0
"h_frichness300_preg_None";"hs_correct_raven";0,000121507529397887;1e-12;0,00011491578529251;0,00891824802892425;0,00891824802892425;0,00907073611091186;0,0054284772504032;-0,00210827352693577;0,0213175487410747;-0,00210827352693577;0,0213175487410747;100;1;0,9;TRUE;0,95;0,8;TRUE;TRUE;0,95;0,05;0
"h_landuseshan300_preg_None";"hs_correct_raven";0,000121507529397887;1e-12;7,52283567604083e-06;0,00379638157789885;0,00379638157789885;0,00354783998331324;0,00454326206805111;-0,00505078444552458;0,0128880684969241;-0,00505078444552458;0,0128880684969241;100;1;0,9;TRUE;0,84;0,8;TRUE;TRUE;0,84;0,16;0
"h_popdens_preg_Sqrt";"hs_correct_raven";0,000121507529397887;1e-12;-4,97142290222828e-05;-0,00929950158922425;-0,00929950158922425;-0,0090988751657697;0,00575813122492557;-0,0203576221269176;0,00143574488197769;-0,0203576221269176;0,00143574488197769;100;1;0,9;TRUE;0,95;0,8;TRUE;TRUE;0,05;0,95;0
"hs_mo_m_Log2";"hs_correct_raven";0,000121507529397887;1e-12;3,99751344173847e-06;0,00625143054884358;0,00625143054884358;0,00620237864964786;0,00434619092377915;-0,00223309385704462;0,0137890361972903;-0,00223309385704462;0,0137890361972903;100;1;0,9;TRUE;0,92;0,8;TRUE;TRUE;0,92;0,08;0
"h_pressure_preg_None";"hs_correct_raven";0,000121507529397887;1e-12;-3,47697597853214e-06;-0,0304911908421377;-0,0304911908421377;-0,0303692067287198;0,00784150397560491;-0,0445971162741233;-0,0155106161944074;-0,0445971162741233;-0,0155106161944074;100;1;0,9;TRUE;1;0,8;TRUE;TRUE;0;1;0
"h_temperature_preg_None";"hs_correct_raven";0,000121507529397887;1e-12;4,06902370098443e-05;0,00935945945901266;0,00935945945901266;0,0096619529594881;0,00752416256264241;-0,00629305401696725;0,0230586919402167;-0,00629305401696725;0,0230586919402167;100;1;0,9;TRUE;0,9;0,8;TRUE;TRUE;0,9;0,1;0
"hs_dde_madj_Log2";"hs_correct_raven";0,000121507529397887;1e-12;-4,28612644131709e-05;-0,007625001034888;-0,007625001034888;-0,00789225188767915;0,00546864996093739;-0,0186795574058172;0,00245875306571503;-0,0186795574058172;0,00245875306571503;100;1;0,9;TRUE;0,91;0,8;TRUE;TRUE;0,09;0,91;0
"hs_hcb_madj_Log2";"hs_correct_raven";0,000121507529397887;1e-12;9,38012023437002e-05;0,00362589671427562;0,00362589671427562;0,00387959371779022;0,00461500908470666;-0,00470139937202822;0,011066806262543;-0,00470139937202822;0,011066806262543;100;1;0,9;TRUE;0,83;0,8;TRUE;TRUE;0,83;0,17;0
"hs_pcb118_madj_Log2";"hs_correct_raven";0,000121507529397887;1e-12;-8,64830657543169e-06;-0,0181760160492455;-0,0181760160492455;-0,0175988534405431;0,00782643930909471;-0,0337430427410001;-0,0044017965447347;-0,0337430427410001;-0,0044017965447347;100;1;0,9;TRUE;0,99;0,8;TRUE;TRUE;0,01;0,99;0
"hs_pcb138_madj_Log2";"hs_correct_raven";0,000121507529397887;1e-12;0,00016799587481258;0,0101331196942386;0,0101331196942386;0,010607647996799;0,00602963613150131;-0,00213047033243052;0,0203218273574563;-0,00213047033243052;0,0203218273574563;100;1;0,9;TRUE;0,93;0,8;TRUE;TRUE;0,93;0,07;0
"hs_pcb180_madj_Log2";"hs_correct_raven";0,000121507529397887;1e-12;0,000105551418238484;0,0161792581910627;0,0161792581910627;0,0162080791824476;0,00763132322723697;0,00153773936782585;0,0290292544188178;0,00153773936782585;0,0290292544188178;100;1;0,9;TRUE;0,99;0,8;TRUE;TRUE;0,99;0,01;0
"hs_pfhxs_m_Log2";"hs_correct_raven";0,000121507529397887;1e-12;0,000321241488936271;0,0217211765773211;0,0217211765773211;0,0213733068841693;0,00666064538606138;0,0100243312771097;0,0350370410873841;0,0100243312771097;0,0350370410873841;100;1;0,9;TRUE;1;0,8;TRUE;TRUE;1;0;0
"hs_pfoa_m_Log2";"hs_correct_raven";0,000121507529397887;1e-12;0,000212109690503357;0,0104338904169186;0,0104338904169186;0,0107212465204738;0,00631295758274692;-0,004468119404826;0,0228931222691911;-0,004468119404826;0,0228931222691911;100;1;0,9;TRUE;0,94;0,8;TRUE;TRUE;0,94;0,06;0
"h_bro_preg_Log";"hs_correct_raven";0,000121507529397887;1e-12;8,5571941660453e-06;0,0131320600932574;0,0131320600932574;0,0134118974917019;0,00986486635938976;-0,00805607555702476;0,0315039477055102;-0,00805607555702476;0,0315039477055102;100;1;0,9;TRUE;0,94;0,8;TRUE;TRUE;0,94;0,06;0
"e3_alcpreg_yn_None_1";"hs_correct_raven";0,000121507529397887;1e-12;7,78558181232603e-05;0,0330606852581615;0,0330606852581615;0,0329056408494616;0,00938334977257084;0,0155961971391365;0,0510793919044488;0,0155961971391365;0,0510793919044488;100;1;0,9;TRUE;1;0,8;TRUE;TRUE;1;0;0
"h_pamod_t3_None_Often";"hs_correct_raven";0,000121507529397887;1e-12;7,66504387979588e-06;0,113397965471067;0,113397965471067;0,112088049557492;0,018123069148638;0,0815242409739063;0,145533645130048;0,0815242409739063;0,145533645130048;100;1;0,9;TRUE;1;0,8;TRUE;TRUE;1;0;0
"h_pavig_t3_None_Low";"hs_correct_raven";0,000121507529397887;1e-12;0,000461447177333312;0,116861758493734;0,116861758493734;0,115966889870586;0,0166765382864182;0,090255282527208;0,149894120488571;0,090255282527208;0,149894120488571;100;1;0,9;TRUE;1;0,8;TRUE;TRUE;1;0;0
"h_abs_ratio_preg_Log";"hs_Gen_Tot";0,000121507529397887;1e-12;-0,000121534374892301;-0,00440054167299258;-0,00440054167299258;-0,00383648251969633;0,00348919018510402;-0,0127500357840939;0,000531716906667608;-0,0127500357840939;0,000531716906667608;100;1;0,9;TRUE;0,96;0,8;TRUE;TRUE;0,04;0,96;0
"h_no2_ratio_preg_Log";"hs_Gen_Tot";0,000121507529397887;1e-12;-7,20187740934928e-05;-0,00422551337123587;-0,00422551337123587;-0,00415707411695476;0,00285622113734439;-0,00909841181481201;0,000794673678355447;-0,00909841181481201;0,000794673678355447;100;1;0,9;TRUE;0,95;0,8;TRUE;TRUE;0,05;0,95;0
"h_pm10_ratio_preg_None";"hs_Gen_Tot";0,000121507529397887;1e-12;-7,00786947520765e-05;-0,00285467669495902;-0,00285467669495902;-0,00248830597410259;0,00293868225757728;-0,00932126840015128;0,00214376212037024;-0,00932126840015128;0,00214376212037024;100;1;0,9;TRUE;0,86;0,8;TRUE;TRUE;0,14;0,86;0
"h_pm25_ratio_preg_None";"hs_Gen_Tot";0,000121507529397887;1e-12;-0,00022213606133394;-0,00420910113075262;-0,00420910113075262;-0,0035647478284123;0,00309680775208593;-0,0113555369843921;-0,000395794219803924;-0,0113555369843921;-0,000395794219803924;100;1;0,9;TRUE;0,99;0,8;TRUE;TRUE;0,01;0,99;0
"h_accesslines300_preg_dic0";"hs_Gen_Tot";0,000121507529397887;1e-12;5,56921472370178e-06;0,0139899366701722;0,0139899366701722;0,0129410081775382;0,0069761506042096;0,00083062535735215;0,0263796785893274;0,00083062535735215;0,0263796785893274;100;1;0,9;TRUE;0,99;0,8;TRUE;TRUE;0,99;0,01;0
"h_builtdens300_preg_Sqrt";"hs_Gen_Tot";0,000121507529397887;1e-12;-0,000126157350844544;-0,00227395726122133;-0,00227395726122133;-0,00234126961157029;0,0020272672499835;-0,00646829187743298;0,00182538692379834;-0,00646829187743298;0,00182538692379834;100;1;0,9;TRUE;0,89;0,8;TRUE;TRUE;0,11;0,89;0
"h_landuseshan300_preg_None";"hs_Gen_Tot";0,000121507529397887;1e-12;0,000114251472696856;0,00198061100216038;0,00198061100216038;0,00188179420601255;0,00191348019491189;-0,00186601445161034;0,00600206218660608;-0,00186601445161034;0,00600206218660608;100;1;0,9;TRUE;0,87;0,8;TRUE;TRUE;0,87;0,13;0
"h_walkability_mean_preg_None";"hs_Gen_Tot";0,000121507529397887;1e-12;-9,94845922083844e-05;-0,00366819277372643;-0,00366819277372643;-0,00349596057217689;0,0024265931609355;-0,00839423398433404;0,000647230317686851;-0,00839423398433404;0,000647230317686851;100;1;0,9;TRUE;0,93;0,8;TRUE;TRUE;0,07;0,93;0
"hs_cs_m_Log2";"hs_Gen_Tot";0,000121507529397887;1e-12;-0,000142852709997836;-0,00497933961740621;-0,00497933961740621;-0,00439764585478499;0,00278231370986622;-0,0106008863622511;-0,000853924258998103;-0,0106008863622511;-0,000853924258998103;100;1;0,9;TRUE;0,99;0,8;TRUE;TRUE;0,01;0,99;0
"hs_mo_m_Log2";"hs_Gen_Tot";0,000121507529397887;1e-12;-0,000276987653447994;-0,00373668274481411;-0,00373668274481411;-0,00347141373203907;0,00246132243906736;-0,00903962942371818;-9,81898791405304e-05;-0,00903962942371818;-9,81898791405304e-05;100;1;0,9;TRUE;0,97;0,8;TRUE;TRUE;0,03;0,97;0
"hs_pb_m_Log2";"hs_Gen_Tot";0,000121507529397887;1e-12;-0,000212975419889608;-0,00205648654116833;-0,00205648654116833;-0,00209072545210069;0,00198310768960638;-0,00531031978112564;0,000926862677241247;-0,00531031978112564;0,000926862677241247;100;1;0,9;TRUE;0,88;0,8;TRUE;TRUE;0,12;0,88;0
"h_ndvi100_preg_None";"hs_Gen_Tot";0,000121507529397887;1e-12;4,64384731898791e-05;0,00285389679115337;0,00285389679115337;0,002980672306708;0,00305232936713902;-0,00301747275749142;0,00891489554445645;-0,00301747275749142;0,00891489554445645;100;1;0,9;TRUE;0,84;0,8;TRUE;TRUE;0,84;0,16;0
"hs_ddt_madj_Log2";"hs_Gen_Tot";0,000121507529397887;1e-12;-8,47425318712631e-05;-0,00143120941693958;-0,00143120941693958;-0,00121429362913884;0,00204491465112175;-0,00577981524515215;0,00252333647468125;-0,00577981524515215;0,00252333647468125;100;1;0,9;TRUE;0,81;0,8;TRUE;TRUE;0,19;0,81;0
"hs_hcb_madj_Log2";"hs_Gen_Tot";0,000121507529397887;1e-12;-3,35511960837128e-05;-0,00199400090954773;-0,00199400090954773;-0,00144716331709195;0,00208949382264512;-0,00678670749974438;0,000944410446674105;-0,00678670749974438;0,000944410446674105;100;1;0,9;TRUE;0,87;0,8;TRUE;TRUE;0,13;0,87;0
"hs_pcb118_madj_Log2";"hs_Gen_Tot";0,000121507529397887;1e-12;2,33479491817241e-05;0,0060016642938018;0,0060016642938018;0,00573751683961489;0,00401897342327632;-0,00117898443576604;0,0143223911234581;-0,00117898443576604;0,0143223911234581;100;1;0,9;TRUE;0,93;0,8;TRUE;TRUE;0,93;0,07;0
"hs_pcb138_madj_Log2";"hs_Gen_Tot";0,000121507529397887;1e-12;-0,000187359135016218;-0,00771127399979187;-0,00771127399979187;-0,0074966375343281;0,00357714750807921;-0,0148464770323285;-0,00129581423341898;-0,0148464770323285;-0,00129581423341898;100;1;0,9;TRUE;1;0,8;TRUE;TRUE;0;1;0
"hs_pcb180_madj_Log2";"hs_Gen_Tot";0,000121507529397887;1e-12;-6,66105213559369e-05;-0,00297129727548004;-0,00297129727548004;-0,00340071035533268;0,00254543874980303;-0,00730545565394989;0,00250225740343155;-0,00730545565394989;0,00250225740343155;100;1;0,9;TRUE;0,88;0,8;TRUE;TRUE;0,12;0,88;0
"hs_pfna_m_Log2";"hs_Gen_Tot";0,000121507529397887;1e-12;-0,000315026159376212;-0,00365731852611491;-0,00365731852611491;-0,00322453026517253;0,002525454791925;-0,0100155852819131;0,000561162696157222;-0,0100155852819131;0,000561162696157222;100;1;0,9;TRUE;0,95;0,8;TRUE;TRUE;0,05;0,95;0
"hs_pfos_m_Log2";"hs_Gen_Tot";0,000121507529397887;1e-12;-0,000174501130851225;-0,00400371631438162;-0,00400371631438162;-0,00347790461322586;0,00270795041956578;-0,0101031109053584;0,00037451629217722;-0,0101031109053584;0,00037451629217722;100;1;0,9;TRUE;0,94;0,8;TRUE;TRUE;0,06;0,94;0
"h_clf_preg_Log";"hs_Gen_Tot";0,000121507529397887;1e-12;1,27818131022051e-06;0,0043875670250925;0,0043875670250925;0,00445043726480467;0,00206434567700586;0,000665701344907757;0,00803414200985877;0,000665701344907757;0,00803414200985877;100;1;0,9;TRUE;0,98;0,8;TRUE;TRUE;0,98;0,02;0
"h_pamod_t3_None_Very Often";"hs_Gen_Tot";0,000121507529397887;1e-12;3,51517974896379e-05;0,0246523386229203;0,0246523386229203;0,0251742944622532;0,0052851588128704;0,0148520530927184;0,0339298806425079;0,0148520530927184;0,0339298806425079;100;1;0,9;TRUE;1;0,8;TRUE;TRUE;1;0;0
"h_pavig_t3_None_Low";"hs_Gen_Tot";0,000121507529397887;1e-12;5,19144652965765e-05;0,0351205870995568;0,0351205870995568;0,0347049544065772;0,00694432328001553;0,0242477163344111;0,0508344788328308;0,0242477163344111;0,0508344788328308;100;1;0,9;TRUE;1;0,8;TRUE;TRUE;1;0;0
"h_pavig_t3_None_Medium";"hs_Gen_Tot";0,000121507529397887;1e-12;1,41305578941667e-05;0,0388761415787562;0,0388761415787562;0,0394108794513351;0,00719703736799637;0,0244630276351925;0,0515920633313541;0,0244630276351925;0,0515920633313541;100;1;0,9;TRUE;1;0,8;TRUE;TRUE;1;0;0
"h_no2_ratio_preg_Log";"hs_bmi_c_cat";0,000121507529397887;1e-12;-8,79646418807314e-06;-0,0597535069002398;-0,0597535069002398;-0,0584848238086034;0,0732422524007652;-0,186886508688429;0,0922750569942867;-0,186886508688429;0,0922750569942867;100;1;0,9;TRUE;0,82;0,8;TRUE;TRUE;0,18;0,82;0
"h_fdensity300_preg_Log";"hs_bmi_c_cat";0,000121507529397887;1e-12;-2,31106026218196e-06;-0,158169891264481;-0,158169891264481;-0,155355498140002;0,0656553972498583;-0,27962982606979;-0,0363040267053175;-0,27962982606979;-0,0363040267053175;100;1;0,9;TRUE;0,99;0,8;TRUE;TRUE;0,01;0,99;0
"h_frichness300_preg_None";"hs_bmi_c_cat";0,000121507529397887;1e-12;-5,05584557407818e-06;-0,0630866039029603;-0,0630866039029603;-0,0640979104240087;0,0701312609804954;-0,173296646359912;0,0784783527634825;-0,173296646359912;0,0784783527634825;100;1;0,9;TRUE;0,82;0,8;TRUE;TRUE;0,18;0,82;0
"hs_co_m_Log2";"hs_bmi_c_cat";0,000121507529397887;1e-12;9,39994411897011e-07;0,0879322462289317;0,0879322462289317;0,090318698976865;0,0700263233531302;-0,0312934645519009;0,21386576051252;-0,0312934645519009;0,21386576051252;100;1;0,9;TRUE;0,87;0,8;TRUE;TRUE;0,87;0,13;0
"hs_dde_madj_Log2";"hs_bmi_c_cat";0,000121507529397887;1e-12;1,85170367654676e-05;0,138309792710534;0,138309792710534;0,13377986557198;0,0678594846088918;0,0145350090693768;0,28197503526339;0,0145350090693768;0,28197503526339;100;1;0,9;TRUE;0,98;0,8;TRUE;TRUE;0,98;0,02;0
"hs_pcb170_madj_Log2";"hs_bmi_c_cat";0,000121507529397887;1e-12;-3,55786622574159e-06;-0,128216951918645;-0,128216951918645;-0,136716978983053;0,074698270382485;-0,273668165042057;-0,00146426961400492;-0,273668165042057;-0,00146426961400492;100;1;0,9;TRUE;0,97;0,8;TRUE;TRUE;0,03;0,97;0
"hs_sumPCBs5_madj_Log2";"hs_bmi_c_cat";0,000121507529397887;1e-12;-3,64630892895271e-06;-0,0761065520814051;-0,0761065520814051;-0,0788679644297517;0,0660921581032961;-0,2053975775302;0,0611291337200737;-0,2053975775302;0,0611291337200737;100;1;0,9;TRUE;0,86;0,8;TRUE;TRUE;0,14;0,86;0
"hs_pfhxs_m_Log2";"hs_bmi_c_cat";0,000121507529397887;1e-12;-1,2880043448238e-05;-0,104164650507627;-0,104164650507627;-0,112085505512587;0,059099926393594;-0,198026043317318;0,00534868581257082;-0,198026043317318;0,00534868581257082;100;1;0,9;TRUE;0,96;0,8;TRUE;TRUE;0,04;0,96;0
"h_trafload_preg_pow1over3";"hs_bmi_c_cat";0,000121507529397887;1e-12;5,60931349987869e-06;0,116114087252967;0,116114087252967;0,113413287888114;0,056781189089203;0,000601241434002314;0,224029292290858;0,000601241434002314;0,224029292290858;100;1;0,9;TRUE;0,97;0,8;TRUE;TRUE;0,97;0,03;0
"e3_alcpreg_yn_None_1";"hs_bmi_c_cat";0,000121507529397887;1e-12;-3,76686759807671e-06;-0,187374354822558;-0,187374354822558;-0,182696317364092;0,11519735100676;-0,388416130217089;0,0335996197853883;-0,388416130217089;0,0335996197853883;100;1;0,9;TRUE;0,92;0,8;TRUE;TRUE;0,08;0,92;0
"h_pamod_t3_None_Often";"hs_bmi_c_cat";0,000121507529397887;1e-12;-5,92202767240016e-06;-0,30286070998517;-0,30286070998517;-0,293967866430389;0,123742732654448;-0,54783545073688;-0,0668793818319498;-0,54783545073688;-0,0668793818319498;100;1;0,9;TRUE;0,99;0,8;TRUE;TRUE;0,01;0,99;0
"h_pavig_t3_None_Low";"hs_bmi_c_cat";0,000121507529397887;1e-12;-0,00100822668461175;-0,507282576301614;-0,507282576301614;-0,52010707407618;0,127376543558088;-0,73456803933857;-0,244205018969666;-0,73456803933857;-0,244205018969666;100;1;0,9;TRUE;1;0,8;TRUE;TRUE;0;1;0
