"exposure";"outcome";"lambda";"beta_unpenalized";"bootstrap_mean";"bootstrap_standard_error";"ci95_lower";"ci95_upper";"bootstrap_q025";"bootstrap_q975";"z_value";"p_value";"significant";"n_valid_bootstrap"
"h_abs_ratio_preg_Log";"e3_bw";0;-0,0100730999513066;-0,00945185171396825;0,00391332467210742;-0,0177430753684492;-0,00240312453416405;-0,015222494908319;-0,000903492323137222;-2,57405168119669;0,0100515257721305;TRUE;100
"h_no2_ratio_preg_Log";"e3_bw";0;0,00138548540941259;0,000187481066389362;0,00455820204350004;-0,00754842643010437;0,0103193972489295;-0,00859914133448472;0,00796057156894212;0,303954365381472;0,761162658349048;FALSE;100
"h_pm10_ratio_preg_None";"e3_bw";0;-0,0109156237498733;-0,0113701451814461;0,00427320995582028;-0,019290961361659;-0,00254028613808753;-0,0194052564354848;-0,00349755500395964;-2,5544318820576;0,010636123873542;TRUE;100
"h_pm25_ratio_preg_None";"e3_bw";0;-0,0025493264704952;-0,00291113990006631;0,00371810381503725;-0,00983667603874918;0,00473802309775878;-0,0110168651879422;0,00356878364704696;-0,68565231024074;0,492932386435479;FALSE;100
"h_accesslines300_preg_dic0";"e3_bw";0;0,0325280475342397;0,0337101536815643;0,0117433576221056;0,00951148953733886;0,0555446055311406;0,0140772986950604;0,0575590768033387;2,76991032556219;0,00560717279028321;TRUE;100
"h_accesspoints300_preg_Log";"e3_bw";0;0,00479603996464746;0,00628642609181636;0,00378425740835034;-0,00262096826394809;0,012213048193243;-0,000320302894750904;0,0129287464199836;1,26736620877441;0,205024376530876;FALSE;100
"h_builtdens300_preg_Sqrt";"e3_bw";0;0,00123039805400062;0,000520550110968152;0,00390952361087362;-0,00643212742002065;0,00889292352802189;-0,00634568545981285;0,00726775330013209;0,314718154042732;0,752975659253905;FALSE;100
"h_connind300_preg_Sqrt";"e3_bw";0;0,00366407016095744;0,00422874029080604;0,00379320036766608;-0,00377046594581216;0,011098606267727;-0,00325661945101632;0,0106998066977112;0,965957451705066;0,334065472174308;FALSE;100
"h_fdensity300_preg_Log";"e3_bw";0;0,00819144441496285;0,00762195242456717;0,00442769017124576;-0,000486668855380824;0,0168695576853065;-0,00124887618176467;0,0160256388698471;1,85004914484749;0,0643064666787001;FALSE;100
"h_frichness300_preg_None";"e3_bw";0;0,0110544091957767;0,0109982001809106;0,00425215291214663;0,00272034263121221;0,0193884757603412;0,00291548035088172;0,0200186665279143;2,59972052373725;0,0093299710413681;TRUE;100
"h_landuseshan300_preg_None";"e3_bw";0;0,00571725453896383;0,00562169263699685;0,00312040260137357;-0,000398622176993458;0,0118331312549211;-0,000609388456287054;0,0116105734769808;1,83221695060988;0,0669191044430826;FALSE;100
"h_popdens_preg_Sqrt";"e3_bw";0;0,00210240919294708;0,00341009852217222;0,0042178431723459;-0,00616441151728904;0,0103692299031832;-0,00473048924118855;0,0114530795432117;0,498455989718023;0,618162681752864;FALSE;100
"h_walkability_mean_preg_None";"e3_bw";0;-0,00966008983383474;-0,0102779565055999;0,00422485223852302;-0,0179406480613433;-0,0013795316063262;-0,0177702265003415;-0,0022537469534481;-2,28649176076554;0,0222255055932073;TRUE;100
"hs_as_m_Log2";"e3_bw";0;0,00635010441494623;0,00560948386976258;0,00278456742082773;0,000892452557600289;0,0118077562722922;0,00103793189911526;0,0107504405856576;2,28046351740286;0,0225802121670967;TRUE;100
"hs_cd_m_Log2";"e3_bw";0;0,000126092837563135;0,00135863287921654;0,0028870991664733;-0,00553251754852014;0,00578470322364641;-0,00445959955680479;0,00728153026544333;0,0436745779387834;0,965163803740972;FALSE;100
"hs_co_m_Log2";"e3_bw";0;0,00282833750837212;0,0027989908541429;0,00317098123128501;-0,00338667150059897;0,00904334651734321;-0,00333504831460677;0,00852928907901104;0,891943944816717;0,372422978657097;FALSE;100
"hs_cs_m_Log2";"e3_bw";0;-0,00852654730899383;-0,00900828120165872;0,00292136526949152;-0,0142523180228834;-0,00280077659510429;-0,0155915362038585;-0,00393148976860774;-2,91868579326197;0,00351510333911202;TRUE;100
"hs_cu_m_Log2";"e3_bw";0;-0,00242846275540641;-0,00190505081359343;0,00298409912424627;-0,00827718956522662;0,00342026405441379;-0,00731977483881319;0,00432167933723591;-0,813800967828037;0,415758980572102;FALSE;100
"hs_hg_m_Log2";"e3_bw";0;-0,0044783062570696;-0,00416078210880616;0,00335278937614544;-0,0110496526820632;0,00209304016792398;-0,0113635319424721;0,0026310494765263;-1,33569567147046;0,181648764757146;FALSE;100
"hs_mn_m_Log2";"e3_bw";0;0,000750172521495374;0,000331133024123032;0,00261910710513795;-0,00438318307622798;0,00588352811921872;-0,0045324621834936;0,00539688652900413;0,286423002718654;0,774554158741132;FALSE;100
"hs_mo_m_Log2";"e3_bw";0;-0,000321997884914757;-0,00123936952598068;0,00261596828839572;-0,00544920151486925;0,00480520574503974;-0,00638551491445427;0,00420439111530517;-0,123089368607074;0,90203632988235;FALSE;100
"hs_pb_m_Log2";"e3_bw";0;-0,00197383440594706;-0,00249409805719119;0,00248793649256606;-0,00685010032719944;0,00290243151530531;-0,00707799720143942;0,00249948652881001;-0,793362053993288;0,427566912269531;FALSE;100
"h_humidity_preg_None";"e3_bw";0;0,0363054804161197;0,0385423322499149;0,00486584787325861;0,026768593830282;0,0458423670019574;0,029717796946207;0,0487276458615327;7,4612855481251;8,56823315903896e-14;TRUE;100
"h_pressure_preg_None";"e3_bw";0;-0,0339796810211467;-0,0337558723083602;0,00561928017008534;-0,044993267773554;-0,0229660942687393;-0,0451583334767214;-0,0236536422743428;-6,04698110659085;1,47585056985493e-09;TRUE;100
"h_temperature_preg_None";"e3_bw";0;0,00346786051937244;0,00234378929332909;0,00389334832154242;-0,00416296197012018;0,0110986830088651;-0,00471427872749631;0,00946742734637048;0,890714170161529;0,373082530853511;FALSE;100
"h_ndvi100_preg_None";"e3_bw";0;0,00849738524375135;0,00790698082793528;0,00445249225374514;-0,000229339215032693;0,0172241097025354;-0,000556095509774885;0,016561303467974;1,90845592973327;0,0563323139620875;FALSE;100
"hs_dde_madj_Log2";"e3_bw";0;-0,00535423908678666;-0,00521476618953065;0,00302928863022894;-0,0112915357008121;0,000583057527238732;-0,0111357128223334;0,000202262779980737;-1,767490569686;0,0771461069491735;FALSE;100
"hs_ddt_madj_Log2";"e3_bw";0;-0,00366358500814802;-0,00335511591201147;0,00246509076766065;-0,00849507413138507;0,00116790411508904;-0,00756962307405558;0,00159302734300369;-1,48618665738817;0,13722975574797;FALSE;100
"hs_hcb_madj_Log2";"e3_bw";0;0,00027035166027951;-0,000828653991676728;0,00307166153199997;-0,00574999431513756;0,00629069763569658;-0,00715578866191877;0,00422560363573118;0,0880147950752513;0,929864917008803;FALSE;100
"hs_pcb118_madj_Log2";"e3_bw";0;-0,00110022627230276;-0,000703697141948404;0,00447406950492347;-0,00986924136628172;0,00766878882167619;-0,00969522991281805;0,0076906069996735;-0,245911752397236;0,805750546044499;FALSE;100
"hs_pcb138_madj_Log2";"e3_bw";0;-0,00481569802352897;-0,00660205270111949;0,00449183720030608;-0,0136195371605461;0,00398814111348817;-0,0147540548426746;0,00102103211803954;-1,07209985775994;0,28367518275384;FALSE;100
"hs_pcb153_madj_Log2";"e3_bw";0;-0,00849963690225713;-0,00813628816390052;0,00393272083660535;-0,0162076281032539;-0,000791645701260415;-0,0140457003714157;0,00103576538650115;-2,1612611866938;0,030675169313453;TRUE;100
"hs_pcb170_madj_Log2";"e3_bw";0;-0,00311729288449868;-0,00203984070746037;0,00451472381158108;-0,011965988955343;0,00573140318634563;-0,00977054360309243;0,0058519786147208;-0,690472554822127;0,489897063411331;FALSE;100
"hs_pcb180_madj_Log2";"e3_bw";0;0,00649672560979712;0,00465034611665468;0,00565969422990619;-0,00459607124432817;0,0175895224639224;-0,00795308991188457;0,0137252770354821;1,14789339245007;0,251012576266062;FALSE;100
"hs_sumPCBs5_madj_Log2";"e3_bw";0;-0,000872963010872101;-0,000776515180872402;0,00422144859064837;-0,00914685021113028;0,00740092418938608;-0,00824235674639396;0,00747131215277221;-0,206792287558812;0,836172079606523;FALSE;100
"hs_pfhxs_m_Log2";"e3_bw";0;0,0114996778610699;0,010281001328785;0,00349514936910133;0,00464931097704343;0,0183500447450964;0,00342824668045552;0,0180888370046685;3,29018209142424;0,00100122567683497;TRUE;100
"hs_pfna_m_Log2";"e3_bw";0;-0,00784000778581862;-0,00837174806186357;0,00338125857061689;-0,0144671528066451;-0,00121286276499214;-0,0160970041950998;-0,00160843718746395;-2,31866555665048;0,0204131774886942;TRUE;100
"hs_pfoa_m_Log2";"e3_bw";0;0,00480670102194729;0,00354971310321024;0,003411345759664;-0,00187941380580757;0,0114928158497022;-0,00320013375493093;0,0100058372977087;1,40903366606284;0,158825213534146;FALSE;100
"hs_pfos_m_Log2";"e3_bw";0;-0,00862499338190794;-0,00873062528037092;0,00364579806627202;-0,0157706262867069;-0,001479360477109;-0,0152370712160735;-0,00237231876623243;-2,36573535481831;0,0179943019968262;TRUE;100
"hs_pfunda_m_Log2";"e3_bw";0;-0,00648708352864616;-0,00711269931310812;0,00344214389948364;-0,0132335616012384;0,000259394543946033;-0,0138717628857837;-0,000597179396231388;-1,88460555923281;0,0594831112029125;FALSE;100
"e3_asmokcigd_p_None";"e3_bw";0;-0,0024180850980049;-0,00315850160476775;0,00238426429444406;-0,00709115724474005;0,00225498704873025;-0,0078598672663657;0,000829558276383402;-1,01418500610006;0,310494481821794;FALSE;100
"h_distinvnear1_preg_Log";"e3_bw";0;0,000644730294063494;-0,000130596779953786;0,00280462360010825;-0,00485223095233974;0,00614169154046673;-0,00555448004789975;0,00460685220882584;0,229881219725388;0,81818407004068;FALSE;100
"h_trafload_preg_pow1over3";"e3_bw";0;-0,000138289651797758;0,000377271046030297;0,00266589458459164;-0,00536334702417774;0,00508676772058222;-0,00425012453959226;0,00615549560663544;-0,0518736384390614;0,958629379465361;FALSE;100
"h_trafnear_preg_pow1over3";"e3_bw";0;-0,0108469621876684;-0,00993545567242353;0,00393886480879622;-0,0185669953528812;-0,00312692902245556;-0,0174827197598688;-0,00221629202298967;-2,75382952048649;0,00589024412489164;TRUE;100
"h_bro_preg_Log";"e3_bw";0;0,0126807335383152;0,012733289070642;0,00525987685543967;0,00237156433853771;0,0229899027380928;0,00326450252960814;0,0213783183627804;2,41084228525257;0,0159157291817479;TRUE;100
"h_clf_preg_Log";"e3_bw";0;0,0104967804751297;0,0111136781450843;0,0030979283073258;0,00442495256608403;0,0165686083841754;0,00563402894232309;0,0165470234234172;3,3883225929753;0,000703215037528605;TRUE;100
"h_thm_preg_Log";"e3_bw";0;0,00446079180818757;0,00473941427948133;0,0038420936162539;-0,00306957330490133;0,0119911569212765;-0,0031351661191783;0,0116686485390205;1,16103152440541;0,245629079632389;FALSE;100
"e3_alcpreg_yn_None_1";"e3_bw";0;0,0196270402623591;0,0200181373469168;0,00583273664522868;0,00819508650640387;0,0310589940183143;0,0100174223585358;0,0310613503770965;3,36497967526349;0,000765492976646236;TRUE;100
"h_pamod_t3_None_Often";"e3_bw";0;0,124902588471619;0,123826513219233;0,00929245248192871;0,106689716278989;0,143115460664249;0,107925361972054;0,14102083952239;13,4412942885122;3,46325649106671e-41;TRUE;100
"h_pamod_t3_None_Sometimes";"e3_bw";0;0,112830200766566;0,110207661938764;0,010640904738993;0,0919744107152184;0,133685990817914;0,0898012971200065;0,129574282296676;10,6034405470341;2,87215388166187e-26;TRUE;100
"h_pamod_t3_None_Very Often";"e3_bw";0;0,121347211172113;0,119005315211864;0,00987336938924741;0,101995762763128;0,140698659581098;0,100882985280086;0,140785920666687;12,2903546285087;1,02057330366008e-34;TRUE;100
"h_pavig_t3_None_Low";"e3_bw";0;0,135968766885919;0,134233560426812;0,0105147590686285;0,115360217805291;0,156577315966547;0,114083923977438;0,153060506158478;12,9312299025083;2,99981341416392e-38;TRUE;100
"h_pavig_t3_None_Medium";"e3_bw";0;0,129552807672035;0,128524781573144;0,0108507452745648;0,108285737728469;0,1508198776156;0,105108579351709;0,148890960234268;11,9395308242761;7,3637385182978e-33;TRUE;100
"h_abs_ratio_preg_Log";"hs_asthma";0;-0,0894137939829465;-0,0880705278492368;0,072938027773834;-0,232369701523043;0,0535421135571503;-0,2198086173262;0,0423312350205121;-1,22588719097534;0,220241129668103;FALSE;100
"h_no2_ratio_preg_Log";"hs_asthma";0;-0,0672280910680658;-0,0698783058003801;0,0708618524193533;-0,206114769687791;0,0716585875516591;-0,202861646653786;0,0690927037202446;-0,948720486027048;0,342762791962564;FALSE;100
"h_pm10_ratio_preg_None";"hs_asthma";0;0,0404603993415875;0,0346220136052233;0,0545341790373616;-0,0664246274981005;0,147345426181276;-0,0628067387006858;0,13385379251947;0,741927357407689;0,458131349471188;FALSE;100
"h_pm25_ratio_preg_None";"hs_asthma";0;-0,0278099292139323;-0,0267882311111376;0,0697135279345002;-0,16444593320078;0,108826074772915;-0,164130697547674;0,0915854527642238;-0,398917255199899;0,689954174501888;FALSE;100
"h_accesslines300_preg_dic0";"hs_asthma";0;-0,223497833931347;-0,219241750212812;0,175944757015953;-0,568343220951265;0,121347553088571;-0,564442008671159;0,15195298121338;-1,27027277039624;0,203987484068899;FALSE;100
"h_accesspoints300_preg_Log";"hs_asthma";0;-0,0254682543056548;-0,0252667627459552;0,0665747937280502;-0,155952452290816;0,105015943679507;-0,147216423625234;0,109333726474006;-0,382551005861009;0,702052703290688;FALSE;100
"h_builtdens300_preg_Sqrt";"hs_asthma";0;0,0384154618353056;0,0390726270246456;0,0675387813800503;-0,0939581172293174;0,170789040899929;-0,0919605464605044;0,167112332394293;0,568791160431757;0,56949787420367;FALSE;100
"h_connind300_preg_Sqrt";"hs_asthma";0;0,0711727488288679;0,069803790953171;0,066230697848032;-0,0586370336242292;0,200982531281965;-0,0574272963175044;0,203278036307244;1,07461873634754;0,282545459838675;FALSE;100
"h_fdensity300_preg_Log";"hs_asthma";0;-0,0458178181771144;-0,0477123178701135;0,0622048192671423;-0,167737023605536;0,0761013872513077;-0,156350723877997;0,0889336169852705;-0,736563801919383;0,461387654685421;FALSE;100
"h_frichness300_preg_None";"hs_asthma";0;0,032789025228613;0,0298247957200416;0,0539542044711633;-0,072959272349377;0,138537322806603;-0,0748280653771908;0,117331575291043;0,607719556798166;0,543373489972336;FALSE;100
"h_landuseshan300_preg_None";"hs_asthma";0;-0,0620011912058271;-0,064443549031459;0,0641647907208853;-0,187761870094312;0,0637594876826579;-0,188954192424984;0,045193105157804;-0,966280580194366;0,333903800801114;FALSE;100
"h_popdens_preg_Sqrt";"hs_asthma";0;-0,13816425571866;-0,13530356552778;0,054661270398576;-0,245298377049074;-0,0310301343882457;-0,257529740596192;-0,0455259638029963;-2,52764443107893;0,0114830581890134;TRUE;100
"h_walkability_mean_preg_None";"hs_asthma";0;0,120519617420096;0,120480146911895;0,0662095074655989;-0,00924863264661359;0,250287867486806;-0,00782334297270084;0,242179231645429;1,82027660427342;0,068716892383548;FALSE;100
"hs_as_m_Log2";"hs_asthma";0;0,0407811721167751;0,0398460627529002;0,0622856214218324;-0,0812964026247129;0,162858746858263;-0,0602283555886202;0,169469514644648;0,65474456521165;0,512632227143945;FALSE;100
"hs_cd_m_Log2";"hs_asthma";0;-0,193917730457627;-0,189801074390367;0,0659414106566119;-0,323160520434352;-0,0646749404809017;-0,2863613467844;-0,0592261168527663;-2,94075799299242;0,00327410222588367;TRUE;100
"hs_co_m_Log2";"hs_asthma";0;0,0581576782725802;0,0598252005290525;0,0639567522462548;-0,0671952526982304;0,183510609243391;-0,086621142202999;0,162445725519474;0,90932819804004;0,36317691036251;FALSE;100
"hs_cs_m_Log2";"hs_asthma";0;-0,0280295162794068;-0,0277586573418838;0,0686623330322998;-0,162605216117209;0,106546183558396;-0,154979495418676;0,108054069228366;-0,40822260243067;0,683110255717088;FALSE;100
"hs_cu_m_Log2";"hs_asthma";0;-0,0262699434329764;-0,0271915436790338;0,0636181495053032;-0,150959225226455;0,0984193383605026;-0,165634077601;0,0897153490560424;-0,412931586933168;0,679656737846907;FALSE;100
"hs_hg_m_Log2";"hs_asthma";0;-0,0549225060554597;-0,0528082878003634;0,0696064698197477;-0,191348679993139;0,0815036678822199;-0,197268694510058;0,0861542509494844;-0,789043119090604;0,430086805197589;FALSE;100
"hs_mn_m_Log2";"hs_asthma";0;0,0431172471273728;0,0405993610473675;0,0613797174028634;-0,0771847883634859;0,163419282618231;-0,0840431275105911;0,140584806460131;0,702467345106436;0,482387759468752;FALSE;100
"hs_mo_m_Log2";"hs_asthma";0;0,0660505434970691;0,0629264691339454;0,0712281975999012;-0,0735541584824396;0,205655245476578;-0,0823596315912251;0,203260035657903;0,927308927120187;0,353766160643404;FALSE;100
"hs_pb_m_Log2";"hs_asthma";0;0,00292608221151847;0,00326639231533272;0,0729599563671821;-0,140072804581772;0,145924969004809;-0,11005595660346;0,141914668975294;0,0401053174537621;0,968009162499065;FALSE;100
"h_humidity_preg_None";"hs_asthma";0;-0,185299528405881;-0,185199512167259;0,061265318350238;-0,305377345873729;-0,0652217109380341;-0,307747546871377;-0,0649428974822098;-3,02454199856715;0,0024900989600862;TRUE;100
"h_pressure_preg_None";"hs_asthma";0;0,0999868153377404;0,101791704014369;0,0574504756174622;-0,0126140477671821;0,212587678442663;-0,00871347765396577;0,192057810165486;1,74040013181978;0,0817887824093457;FALSE;100
"h_temperature_preg_None";"hs_asthma";0;0,0601158131990891;0,0587880003824391;0,0599451214340011;-0,057374465860433;0,177606092258611;-0,0624906203509739;0,140998418642434;1,00284746716671;0,31593446238891;FALSE;100
"h_ndvi100_preg_None";"hs_asthma";0;0,120512093966906;0,118922648517508;0,075217502684888;-0,0269115023025189;0,267935690236332;-0,0275942776729627;0,285395327060541;1,60218153574937;0,109115471880769;FALSE;100
"hs_dde_madj_Log2";"hs_asthma";0;-0,0294526936468422;-0,0329517176538362;0,0641704265640518;-0,155224418584956;0,0963190312912716;-0,144301254569261;0,0845900163331796;-0,458976123798148;0,646251311922617;FALSE;100
"hs_ddt_madj_Log2";"hs_asthma";0;-0,0533899395119445;-0,0562828383162141;0,078943683966285;-0,208116716892775;0,101336837868886;-0,193799015469572;0,103515454012278;-0,676304130103;0,498847571079687;FALSE;100
"hs_hcb_madj_Log2";"hs_asthma";0;0,0989183670387242;0,101092837474887;0,0539333307880795;-0,00678901887219692;0,204625752949645;0,00819419671344132;0,205304500592015;1,83408600198279;0,066641228958178;FALSE;100
"hs_pcb118_madj_Log2";"hs_asthma";0;0,150476326252308;0,146348116348409;0,0650731648600666;0,02293526676654;0,278017385738076;0,0164653188623243;0,256869999317946;2,31241751612807;0,0207546860047277;TRUE;100
"hs_pcb138_madj_Log2";"hs_asthma";0;0,0452964153873126;0,0470508638493218;0,0498378452693615;-0,0523839664077158;0,142976797182341;-0,0609583855575783;0,141594946338787;0,908875878210554;0,363415647930076;FALSE;100
"hs_pcb153_madj_Log2";"hs_asthma";0;0,136810592902345;0,131348153250842;0,0444826678637302;0,0496261659531762;0,223995019851513;0,0613714023940592;0,225872680269855;3,07559324727229;0,00210084225767549;TRUE;100
"hs_pcb170_madj_Log2";"hs_asthma";0;-0,0803312905092387;-0,0791919647144687;0,061900822696434;-0,201654673607649;0,0409920925891715;-0,185174055914203;0,0341880371867459;-1,29774188790978;0,194376044570223;FALSE;100
"hs_pcb180_madj_Log2";"hs_asthma";0;-0,0159792810872424;-0,0124918202211009;0,0660616252945616;-0,145457687424763;0,113499125250279;-0,135527513823448;0,136498902766603;-0,241884467964458;0,808869685594395;FALSE;100
"hs_sumPCBs5_madj_Log2";"hs_asthma";0;-0,0229956658083699;-0,0180820161278985;0,0617568797303981;-0,144036925877522;0,098045594260782;-0,116424173844984;0,0985381567081736;-0,372357960906677;0,709626349460925;FALSE;100
"hs_pfhxs_m_Log2";"hs_asthma";0;0,0258050232978373;0,0275466112075791;0,0583330807465017;-0,0885257140725727;0,140135760668247;-0,0753725571674451;0,149379805170115;0,442373743467765;0,658218775821559;FALSE;100
"hs_pfna_m_Log2";"hs_asthma";0;0,121628026014592;0,120926498634575;0,0539032056558992;0,0159796842777739;0,22727636775141;0,0223026017996182;0,213173583321087;2,25641544940808;0,0240446249864751;TRUE;100
"hs_pfoa_m_Log2";"hs_asthma";0;0,00813059188514465;0,00926545831012563;0,0669713610248009;-0,123130863719095;0,139392047489384;-0,103712636373258;0,142538986261058;0,12140401151671;0,903371039653826;FALSE;100
"hs_pfos_m_Log2";"hs_asthma";0;0,000363683905836208;0,0055556994533348;0,0613135452710205;-0,11980865658983;0,120536024401503;-0,111406600824636;0,12088318497666;0,00593154260169817;0,995267341488054;FALSE;100
"hs_pfunda_m_Log2";"hs_asthma";0;-0,000604967114608009;0,00584794697454881;0,0697460698784603;-0,137304752139604;0,136094817910388;-0,105493828590732;0,144820952745286;-0,00867385238569323;0,993079353878841;FALSE;100
"e3_asmokcigd_p_None";"hs_asthma";0;0,147518851907231;0,138053823882927;0,062788704267284;0,0244552529074181;0,270582450907044;0,00258261044898248;0,236851387977215;2,34944889576413;0,0188012248107325;TRUE;100
"h_distinvnear1_preg_Log";"hs_asthma";0;0,0530456016625541;0,0534329206480176;0,0659338305508459;-0,0761823315798706;0,182273534904979;-0,0761392182582893;0,185867590948056;0,804527830696066;0,421092202995933;FALSE;100
"h_trafload_preg_pow1over3";"hs_asthma";0;-0,0499945368358165;-0,0514676177286006;0,0683586435757818;-0,183975016276359;0,0839859426047261;-0,176963244461175;0,114869798517077;-0,731356478429725;0,464561441268198;FALSE;100
"h_trafnear_preg_pow1over3";"hs_asthma";0;-0,0609770794622772;-0,0586968371912318;0,0689713702401654;-0,196158481097379;0,0742043221728246;-0,182614425867505;0,076054283240387;-0,884092620604009;0,37664621641969;FALSE;100
"h_bro_preg_Log";"hs_asthma";0;0,0185388342425817;0,0132728362035746;0,0654966681195916;-0,109832276379191;0,146909944864354;-0,12516890282235;0,150526359374542;0,283050035594655;0,777138481741622;FALSE;100
"h_clf_preg_Log";"hs_asthma";0;-0,0899090757973988;-0,0921249038982592;0,0729435485169317;-0,232875803795135;0,0530576522003375;-0,229674864345349;0,0410812179248928;-1,23258434262393;0,217730881484717;FALSE;100
"h_thm_preg_Log";"hs_asthma";0;0,0424423981033671;0,040412373245356;0,0665617943878562;-0,0880163216431913;0,172901117849926;-0,0910850174937742;0,162393216122251;0,637639031424767;0,523708681773447;FALSE;100
"e3_alcpreg_yn_None_1";"hs_asthma";0;-0,263386322173212;-0,270460499125889;0,145701017067717;-0,548955068136793;0,0221824237903684;-0,532811420943931;-0,00635309008589731;-1,8077178009732;0,0706504326407861;FALSE;100
"h_pamod_t3_None_Often";"hs_asthma";0;-0,328352846331488;-0,326602295481509;0,109642440527352;-0,543248080942172;-0,113457611720804;-0,562239388126121;-0,13188731265599;-2,99476046640512;0,00274660440427254;TRUE;100
"h_pamod_t3_None_Sometimes";"hs_asthma";0;-0,126726768817031;-0,129509616654003;0,175368916593696;-0,470443529348484;0,216989991714422;-0,512658539746093;0,157558214595962;-0,72262959296623;0,469907482113043;FALSE;100
"h_pamod_t3_None_Very Often";"hs_asthma";0;-0,295056301589786;-0,297177218879521;0,119880268707356;-0,530017310713187;-0,0600952924663848;-0,509043573193103;-0,0801864485072897;-2,46125826019008;0,0138450664347098;TRUE;100
"h_pavig_t3_None_Low";"hs_asthma";0;-0,544739145065686;-0,554766197894764;0,13562435036614;-0,810557987209963;-0,278920302921409;-0,795391937156135;-0,312786247912403;-4,01652906425043;5,90615828907821e-05;TRUE;100
"h_pavig_t3_None_Medium";"hs_asthma";0;-0,368442227006305;-0,36421830086735;0,127722857116412;-0,618774426957028;-0,118110027055582;-0,60704243982125;-0,115854465829004;-2,88470079142131;0,00391785827415132;TRUE;100
"h_abs_ratio_preg_Log";"hs_zbmi_who";0;-0,00994847909230835;-0,00960177831323113;0,00551525338350242;-0,0207581770895858;0,000861218904969058;-0,0194615587681308;0,000806284264246839;-1,8038117925945;0,0712608165328135;FALSE;100
"h_no2_ratio_preg_Log";"hs_zbmi_who";0;-0,00470831044910995;-0,00399704963004411;0,00581993999194583;-0,0161151832255081;0,00669856232728821;-0,0146597643020876;0,00811117021722276;-0,80899639096378;0,418517222205341;FALSE;100
"h_pm10_ratio_preg_None";"hs_zbmi_who";0;-0,00646525569230581;-0,0064400807554203;0,00546867278793835;-0,0171836573998992;0,0042531460152876;-0,0166146106133003;0,0038307846539051;-1,18223487544647;0,237112518055079;FALSE;100
"h_pm25_ratio_preg_None";"hs_zbmi_who";0;-0,00407737888024638;-0,0032814298652035;0,00454619899448604;-0,0129877651759912;0,00483300741549847;-0,0125161259508704;0,00664334285973674;-0,896876464314852;0,369784840171218;FALSE;100
"h_accesslines300_preg_dic0";"hs_zbmi_who";0;0,0290527327568217;0,0275589568906134;0,0144681580276302;0,000695664100032498;0,0574098014136108;0,00273892996103518;0,0537482226324999;2,00804640793521;0,0446383603799905;TRUE;100
"h_accesspoints300_preg_Log";"hs_zbmi_who";0;0,00029968656956491;0,000478842854019194;0,00494064509639817;-0,00938379987976992;0,00998317301889974;-0,0104112292434867;0,00871467287619611;0,0606573764594806;0,95163207779688;FALSE;100
"h_builtdens300_preg_Sqrt";"hs_zbmi_who";0;-0,00202179451149474;-0,00182793730900678;0,00454724886673722;-0,0109342385190403;0,00689064949605078;-0,0092464639506128;0,0053451992968981;-0,444619278765235;0,656594912894726;FALSE;100
"h_connind300_preg_Sqrt";"hs_zbmi_who";0;0,000480696616272034;0,000638980404124722;0,00449004511558801;-0,00831963009924044;0,00928102333178451;-0,00676340695598081;0,00873648223822823;0,10705830429258;0,914742725348666;FALSE;100
"h_fdensity300_preg_Log";"hs_zbmi_who";0;-0,00322295297387978;-0,00239779282372766;0,0060841779278011;-0,0151477225879035;0,00870181664014392;-0,0135091273047879;0,0078067748763794;-0,529726942920717;0,59630126463823;FALSE;100
"h_frichness300_preg_None";"hs_zbmi_who";0;0,00664236475624501;0,00685483104358816;0,0053074975413153;-0,00376013927276786;0,0170448687852579;-0,00366485926012981;0,0181139741870228;1,25150595069308;0,210749943967611;FALSE;100
"h_landuseshan300_preg_None";"hs_zbmi_who";0;0,00795209840184154;0,00747417791131575;0,00390076650885774;0,000306736532380332;0,0155974602713028;-0,000901539801202514;0,0145483605865664;2,03859892248976;0,0414900728696853;TRUE;100
"h_popdens_preg_Sqrt";"hs_zbmi_who";0;0,0145875327436587;0,0134180480985688;0,00502232266747186;0,00474396119667472;0,0244311042906427;0,00368430575111312;0,0226582043514465;2,90453913647125;0,00367794218420327;TRUE;100
"h_walkability_mean_preg_None";"hs_zbmi_who";0;-0,0147983364953618;-0,0143751288341249;0,00551435212233901;-0,0256062680532183;-0,00399040493750536;-0,0252689217627603;-0,0041471706060871;-2,68360383360591;0,00728333546809768;TRUE;100
"hs_as_m_Log2";"hs_zbmi_who";0;0,0101675276549831;0,00996092010196153;0,00373042369665078;0,00285603156247276;0,0174790237474934;0,0022537794983017;0,0162126342620472;2,72556912613213;0,0064190733465537;TRUE;100
"hs_cd_m_Log2";"hs_zbmi_who";0;0,00624758320889494;0,00534813994799511;0,00412977455604731;-0,00184662618522769;0,0143417926030176;-0,00320653156757634;0,0126182846994033;1,5128145917182;0,130326761292312;FALSE;100
"hs_co_m_Log2";"hs_zbmi_who";0;0,00689015633637477;0,00693845095947539;0,00476809227009737;-0,0024551327879799;0,0162354454607295;-0,00484371503844115;0,0140164651034806;1,44505515960455;0,14844239265491;FALSE;100
"hs_cs_m_Log2";"hs_zbmi_who";0;-0,0040979230303081;-0,00367044367632304;0,00440592393119825;-0,0127333752540798;0,0045375291934636;-0,0114149172219174;0,00510394472966946;-0,930093913172398;0,352322462027111;FALSE;100
"hs_cu_m_Log2";"hs_zbmi_who";0;-0,00528315002211056;-0,00494236294873172;0,00397634289762565;-0,0130766388916385;0,00251033884741734;-0,0121261744805421;0,00325399454867323;-1,32864548106886;0,183964959526284;FALSE;100
"hs_hg_m_Log2";"hs_zbmi_who";0;-0,00407045132016068;-0,00440476733527892;0,00407851906947435;-0,0120642018065902;0,00392329916626886;-0,0123168544469359;0,00357177529840113;-0,998021892462376;0,318268742899938;FALSE;100
"hs_mn_m_Log2";"hs_zbmi_who";0;-0,00124726427185928;-0,000661657117701597;0,0041441448973071;-0,00936963901729663;0,00687511047357807;-0,00840330486487941;0,00653232489167611;-0,300970236989002;0,763437190303252;FALSE;100
"hs_mo_m_Log2";"hs_zbmi_who";0;-0,0031802120203166;-0,00231342144701906;0,00412096861724468;-0,011257162091536;0,00489673805090279;-0,00995433617234109;0,00507841531042542;-0,771714690329994;0,440283428039598;FALSE;100
"hs_pb_m_Log2";"hs_zbmi_who";0;-0,000795450756388175;-0,000562554330417846;0,00332902735534153;-0,0073202244764062;0,00572932296362985;-0,00681096198154282;0,00441264127644593;-0,23894389305989;0,811149089415491;FALSE;100
"h_humidity_preg_None";"hs_zbmi_who";0;0,0344142357007667;0,0336882851108198;0,00564072916355854;0,0233586096936472;0,0454698617078862;0,0229176316736303;0,0457614713333951;6,10102607356102;1,05389713105382e-09;TRUE;100
"h_pressure_preg_None";"hs_zbmi_who";0;-0,0331577911298758;-0,0329847386054259;0,00608413894728633;-0,0450824843434945;-0,0212330979162572;-0,046113739235976;-0,0225837005813953;-5,44987407703189;5,0405496270334e-08;TRUE;100
"h_temperature_preg_None";"hs_zbmi_who";0;0,0023515531109693;0,00277105116996957;0,00528601544482874;-0,0080088467826175;0,0127119530045561;-0,00771743204670007;0,0131433032083583;0,444863079859104;0,656418705092883;FALSE;100
"h_ndvi100_preg_None";"hs_zbmi_who";0;0,00487486567143583;0,00518628249480507;0,0056637993989334;-0,00622597716613324;0,0159757085090049;-0,00547408048304224;0,0144159114187129;0,860705919837813;0,389400031853664;FALSE;100
"hs_dde_madj_Log2";"hs_zbmi_who";0;0,00380173421740061;0,00339260588514651;0,00452078379330287;-0,00505883919936538;0,0126623076341666;-0,00586090185284058;0,0115118973257428;0,840945816305689;0,400378289710018;FALSE;100
"hs_ddt_madj_Log2";"hs_zbmi_who";0;-0,00399242102655099;-0,00366488523661614;0,00418552335807637;-0,0121958960648318;0,00421105401172985;-0,0115004702367833;0,00431908397927826;-0,953864232736206;0,34015237043858;FALSE;100
"hs_hcb_madj_Log2";"hs_zbmi_who";0;-0,00533600782161896;-0,00496302864356589;0,00435522101432125;-0,0138720841544006;0,00320006851116269;-0,0131922440659135;0,00239215186414256;-1,22519794152182;0,22050064988936;FALSE;100
"hs_pcb118_madj_Log2";"hs_zbmi_who";0;0,000560014631597122;4,99903614091105e-05;0,00542965864117342;-0,0100819207534495;0,0112019500166437;-0,011193817580705;0,0109095602008081;0,103139933577131;0,917851911598264;FALSE;100
"hs_pcb138_madj_Log2";"hs_zbmi_who";0;-0,0097419808432141;-0,008440047226593;0,00683688862472404;-0,0231420363139848;0,00365807462755659;-0,0197337299031742;0,00575804111352496;-1,42491436937914;0,154181955426094;FALSE;100
"hs_pcb153_madj_Log2";"hs_zbmi_who";0;-0,00849948466233549;-0,00836761740479307;0,00495378316898599;-0,0182087212607687;0,00120975193609776;-0,0172565219561177;0,00210998846717597;-1,71575629622789;0,0862066562194074;FALSE;100
"hs_pcb170_madj_Log2";"hs_zbmi_who";0;-0,00874487865327136;-0,00857581940255953;0,00638487257380204;-0,0212589989438009;0,00376924163725819;-0,0221211118353923;0,00277216216575132;-1,36962461696616;0,170804111116815;FALSE;100
"hs_pcb180_madj_Log2";"hs_zbmi_who";0;0,000447462189485741;0,000761887934998893;0,00586950752753067;-0,0110565611714611;0,0119514855504326;-0,00943236330592669;0,0111691667875001;0,0762350482364899;0,939232099350615;FALSE;100
"hs_sumPCBs5_madj_Log2";"hs_zbmi_who";0;-0,00496021684206494;-0,00468485083813617;0,00645216970222717;-0,0176062370805707;0,00768580339644083;-0,0175116427328587;0,00765589139582083;-0,768767262949201;0,442031486349334;FALSE;100
"hs_pfhxs_m_Log2";"hs_zbmi_who";0;0,00101527628981295;0,00212998542571135;0,00459093066045963;-0,00798278246020861;0,0100133350398345;-0,00630415796269991;0,0103922885128656;0,221148251825547;0,824977000689452;FALSE;100
"hs_pfna_m_Log2";"hs_zbmi_who";0;-0,00443202872972678;-0,00403854591403065;0,00501394697636773;-0,014259184223801;0,00539512676434748;-0,0146604284009892;0,00508989737152748;-0,883940087642786;0,376728555586865;FALSE;100
"hs_pfoa_m_Log2";"hs_zbmi_who";0;0,00448343188027613;0,00457857695559162;0,0041890409136769;-0,00372693744029536;0,0126938012008476;-0,00312075968747607;0,0133887217671299;1,0702764600933;0,284494886935701;FALSE;100
"hs_pfos_m_Log2";"hs_zbmi_who";0;-0,0106882827229608;-0,0102421856234076;0,00511697834182745;-0,0207173759826141;-0,000659189463307517;-0,0201197169389569;-0,000925857648706573;-2,0887879543269;0,0367268152069703;TRUE;100
"hs_pfunda_m_Log2";"hs_zbmi_who";0;-0,00757159803682053;-0,00832891072663894;0,00546798284159638;-0,0182886474744324;0,00314545140079136;-0,0187309804163839;-0,000109733177748049;-1,38471503224578;0,16613962074112;FALSE;100
"e3_asmokcigd_p_None";"hs_zbmi_who";0;-0,00352996359161945;-0,00344078334828739;0,00385049572892235;-0,0110767965429326;0,00401686935969366;-0,00945695395769663;0,00419190088314061;-0,916755618011655;0,359270714185373;FALSE;100
"h_distinvnear1_preg_Log";"hs_zbmi_who";0;-0,000416409896039938;-0,000346105616244011;0,00452920102624407;-0,00929348078622016;0,00846066099414029;-0,00970704828404334;0,00692476129215085;-0,0919389299850208;0,926746560775076;FALSE;100
"h_trafload_preg_pow1over3";"hs_zbmi_who";0;0,00797622487329453;0,00750200326230978;0,00426918664632516;-0,000391227196782125;0,0163436769433712;0,000727340525328024;0,0160981331045282;1,86832423458466;0,0617168906314133;FALSE;100
"h_trafnear_preg_pow1over3";"hs_zbmi_who";0;-0,00779133702274491;-0,00828846550666792;0,00520220945192236;-0,0179874801885466;0,00240480614305676;-0,0181692780999336;0,00128413264825939;-1,49769767917857;0,134211815107671;FALSE;100
"h_bro_preg_Log";"hs_zbmi_who";0;0,00751777098889759;0,00813724046405729;0,0071409590455303;-0,00647825155541731;0,0215137935332125;-0,00566849467685398;0,0209098509895398;1,05276769422213;0,292447474611702;FALSE;100
"h_clf_preg_Log";"hs_zbmi_who";0;0,00650502118381994;0,00648042051554545;0,00490979397237427;-0,00311799817354547;0,0161280405411853;-0,00276055997609172;0,0153565773674496;1,32490715912347;0,185201946077612;FALSE;100
"h_thm_preg_Log";"hs_zbmi_who";0;-0,00350353347519504;-0,00322847335643481;0,00478663202929189;-0,012885159859853;0,00587809290946293;-0,0118083366828337;0,00720865781711046;-0,73194125927272;0,464204421641587;FALSE;100
"e3_alcpreg_yn_None_1";"hs_zbmi_who";0;0,00806665641965757;0,00859361906776063;0,00835675724148968;-0,00831228680120649;0,0244455996405216;-0,00544470155636976;0,0263055169975294;0,965285479349356;0,334401842744963;FALSE;100
"h_pamod_t3_None_Often";"hs_zbmi_who";0;0,101719590509695;0,10017180117791;0,0118001722451674;0,0785916778977976;0,124847503121592;0,0789737581796366;0,120751622249671;8,62017845132327;6,68498496113873e-18;TRUE;100
"h_pamod_t3_None_Sometimes";"hs_zbmi_who";0;0,0971844519475795;0,0965085078840796;0,0128665276186822;0,0719665212088724;0,122402382686287;0,0701029278621972;0,120371688088214;7,55327737426743;4,24439726335814e-14;TRUE;100
"h_pamod_t3_None_Very Often";"hs_zbmi_who";0;0,109632591241449;0,107730523539333;0,01050399576221;0,089045137853756;0,130220044629142;0,0883099849720902;0,125388947734604;10,4372272917199;1,67635571659804e-25;TRUE;100
"h_pavig_t3_None_Low";"hs_zbmi_who";0;0,107529667573344;0,107214122003724;0,0105250440297245;0,0869009603393854;0,128158374807302;0,08905096312797;0,130978597253273;10,2165527545217;1,67180737422703e-24;TRUE;100
"h_pavig_t3_None_Medium";"hs_zbmi_who";0;0,115719900900665;0,113952867085666;0,0113470714117903;0,0934800496035517;0,137959752197778;0,093763467757448;0,135255402670876;10,1982173814844;2,01944933094755e-24;TRUE;100
"h_abs_ratio_preg_Log";"hs_correct_raven";0;-0,000643461382089337;-0,00251958873193135;0,00716832731734551;-0,0146931247534812;0,0134062019893025;-0,0162528039067606;0,0124949086947359;-0,0897645090134662;0,928474351999065;FALSE;100
"h_no2_ratio_preg_Log";"hs_correct_raven";0;0,014600275166963;0,0162746864824167;0,00787935975011375;-0,000842986164494469;0,0300435364984205;0,00138013151883276;0,0318814906927612;1,85297735222106;0,0638856048605152;FALSE;100
"h_pm10_ratio_preg_None";"hs_correct_raven";0;-0,00985282174347139;-0,0095089710247174;0,00720561944617003;-0,0239755763442661;0,00426993285732333;-0,0235428684745369;0,00520946676514193;-1,36738025329778;0,171506148523954;FALSE;100
"h_pm25_ratio_preg_None";"hs_correct_raven";0;0,00683830618865124;0,00585155341150343;0,00640718706237669;-0,00571954969581806;0,0193961620731205;-0,00638514937654556;0,0190798202194095;1,06728680184883;0,285842346067398;FALSE;100
"h_accesslines300_preg_dic0";"hs_correct_raven";0;0,0194509812444276;0,0183462615485734;0,0184478471593034;-0,0167061347801066;0,0556080972689618;-0,0164953953920005;0,0470484977530601;1,05437675607684;0,29171045976879;FALSE;100
"h_accesspoints300_preg_Log";"hs_correct_raven";0;-0,0010164354644668;-0,00248746233277137;0,00754003317776614;-0,0157946289351255;0,0137617580061919;-0,0149510775233385;0,0133651848259216;-0,134805171343813;0,892765917022203;FALSE;100
"h_builtdens300_preg_Sqrt";"hs_correct_raven";0;0,00586542150287648;0,0063208297552437;0,0063793082133984;-0,00663779284166495;0,0183686358474179;-0,00534943666596652;0,0192124709497987;0,919444759003396;0,357862987067473;FALSE;100
"h_connind300_preg_Sqrt";"hs_correct_raven";0;-0,00394909736230463;-0,00448521469736465;0,00548096579422066;-0,0146915929194731;0,00679339819486383;-0,0140867149455775;0,00819615502729371;-0,720511222031109;0,471210292800325;FALSE;100
"h_fdensity300_preg_Log";"hs_correct_raven";0;0,0174491343918218;0,0174191234296841;0,00747750597835422;0,00279349198006462;0,0321047768035791;0,00386695070559124;0,0300690259321819;2,33355004226454;0,0196192950951647;TRUE;100
"h_frichness300_preg_None";"hs_correct_raven";0;0,00911729491293889;0,008552725441017;0,00679676886708188;-0,0042041272777847;0,0224387171036625;-0,00280680977697091;0,0211417434446714;1,34141605978332;0,179785406239592;FALSE;100
"h_landuseshan300_preg_None";"hs_correct_raven";0;0,00356195848558613;0,00384559691978805;0,00465352146746123;-0,00555877599192187;0,0126826929630941;-0,00501969626052762;0,0110922393221374;0,765432911504195;0,4440138013936;FALSE;100
"h_popdens_preg_Sqrt";"hs_correct_raven";0;-0,00899822631012983;-0,00927931754098501;0,00570832161913172;-0,0201863310957994;0,0021898784755397;-0,0203630021114402;0,00123575826397202;-1,57633485120597;0,114948653870379;FALSE;100
"h_walkability_mean_preg_None";"hs_correct_raven";0;-0,00627589248104297;-0,00596632313899423;0,00619124204121671;-0,018410503901398;0,00585871893931204;-0,0181841780837028;0,00676065434589585;-1,01367261031998;0,310738997680351;FALSE;100
"hs_as_m_Log2";"hs_correct_raven";0;0,00283939256844912;0,00392534990398197;0,00539850392439986;-0,00774148069377274;0,013420265830671;-0,00694077381138982;0,0124285529342688;0,525959156131349;0,598916585652369;FALSE;100
"hs_cd_m_Log2";"hs_correct_raven";0;-0,00126296886868294;-0,00157690872601158;0,0048901031661627;-0,0108473949550471;0,00832145721768124;-0,0122609454098053;0,00714655854175663;-0,258270393439163;0,796198233932112;FALSE;100
"hs_co_m_Log2";"hs_correct_raven";0;-4,80072596550911e-05;-0,000425348715701377;0,00524841215336162;-0,0103347060562662;0,010238691536956;-0,00961873383482382;0,00983324668480166;-0,00914700641875893;0,992701846571034;FALSE;100
"hs_cs_m_Log2";"hs_correct_raven";0;-0,000622439253098219;-0,000353312223067317;0,00516390011769608;-0,0107434975035447;0,00949861899734824;-0,0107324641031642;0,010249839773787;-0,120536656192321;0,904058043870839;FALSE;100
"hs_cu_m_Log2";"hs_correct_raven";0;-2,66694094288996e-05;-0,00158180067799559;0,00563110679084543;-0,0110634359125849;0,0110100970937271;-0,0112179192337272;0,00839342935453827;-0,00473608660241649;0,996221163748187;FALSE;100
"hs_hg_m_Log2";"hs_correct_raven";0;-0,00314133062348747;-0,00342769319634998;0,00503708938771597;-0,0130138444103197;0,00673118316334474;-0,012662927943033;0,00573807941495412;-0,623640039255265;0,532864009332134;FALSE;100
"hs_mn_m_Log2";"hs_correct_raven";0;0,0035220390619577;0,00288531702851329;0,00408324552403246;-0,00448097510518029;0,0115250532290957;-0,00408866907542817;0,0102471321550149;0,862558727176285;0,388380130970517;FALSE;100
"hs_mo_m_Log2";"hs_correct_raven";0;0,00628839414886294;0,00608742573213918;0,00440767802826936;-0,00235049604199352;0,0149272843397194;-0,0011869495274958;0,0145321140845386;1,4266909035849;0,153669008760562;FALSE;100
"hs_pb_m_Log2";"hs_correct_raven";0;0,00169898210549925;0,00180210150700226;0,0047012305497612;-0,00751526045505213;0,0109132246660506;-0,0064232102847676;0,0104163280552393;0,361390935312787;0,71780722335204;FALSE;100
"h_humidity_preg_None";"hs_correct_raven";0;0,0200704341538419;0,0186564889151162;0,00842471054614745;0,00355830490321812;0,0365825634044657;0,00308209721246827;0,0374591325391276;2,38232922590082;0,0172035092870484;TRUE;100
"h_pressure_preg_None";"hs_correct_raven";0;-0,0306655317500153;-0,030872166140402;0,00790633211695317;-0,0461616579490558;-0,0151694055509747;-0,0475983890861585;-0,0159462947138089;-3,87860404754066;0,000105057591185907;TRUE;100
"h_temperature_preg_None";"hs_correct_raven";0;0,00975461936015387;0,00935996341748109;0,00632384699524209;-0,00263989299426246;0,0221491317145702;-0,00194516189116164;0,0221809991324926;1,54251349969299;0,122948860008944;FALSE;100
"h_ndvi100_preg_None";"hs_correct_raven";0;0,00270221233644428;0,00264557681947261;0,0070056247287199;-0,0110285598210499;0,0164329844939385;-0,0117992979183547;0,0152393829421347;0,385720394837369;0,699703756649665;FALSE;100
"hs_dde_madj_Log2";"hs_correct_raven";0;-0,00790433319222842;-0,00741417512838911;0,00545535011729451;-0,018596622945182;0,00278795656072518;-0,0171750609764858;0,00139181221234331;-1,44891400593523;0,147361599261099;FALSE;100
"hs_ddt_madj_Log2";"hs_correct_raven";0;0,000259149973866844;-0,000466930531429757;0,00421661043676568;-0,0080052546190296;0,00852355456676329;-0,00856424731325677;0,0070594828064113;0,0614593113955348;0,950993417920752;FALSE;100
"hs_hcb_madj_Log2";"hs_correct_raven";0;0,00342633055792598;0,00350430075993807;0,00424419213098168;-0,00489213316226641;0,0117447942781184;-0,0032173338797745;0,0115798799366167;0,807298645345133;0,419494444294287;FALSE;100
"hs_pcb118_madj_Log2";"hs_correct_raven";0;-0,0183399285941908;-0,0178484971613254;0,00747032796755929;-0,0329815023633093;-0,00369835482507232;-0,0315693513156199;-0,00507882257589658;-2,45503660265439;0,0140870244009869;TRUE;100
"hs_pcb138_madj_Log2";"hs_correct_raven";0;0,0108693380933632;0,0100493736498791;0,00551607272283151;5,80342205096628e-05;0,0216806419662167;-0,000267045428400892;0,0229020101909951;1,97048491554037;0,0487828221035738;TRUE;100
"hs_pcb153_madj_Log2";"hs_correct_raven";0;-0,0120951336978937;-0,0121703599760876;0,00857669016325207;-0,0289051375244267;0,00471487012863931;-0,0255441544721654;0,00467439912006366;-1,41023325638098;0,158470818986107;FALSE;100
"hs_pcb170_madj_Log2";"hs_correct_raven";0;-1,28432637844938e-05;-0,00117319852345576;0,00817927525430293;-0,0160439281818579;0,0160182416542889;-0,0187039094740997;0,0119647313354669;-0,00157022026832234;0,998747146005684;FALSE;100
"hs_pcb180_madj_Log2";"hs_correct_raven";0;0,0163157255474055;0,0163798388633186;0,00829831526128275;5,13265029322592e-05;0,0325801245918788;0,000690876677375698;0,0339702039239216;1,96614915602561;0,0492813836281338;TRUE;100
"hs_sumPCBs5_madj_Log2";"hs_correct_raven";0;0,00154229587313273;0,00084201718841126;0,00768695673826275;-0,0135238624845797;0,0166084542308452;-0,0161057285871672;0,0152540302687271;0,200638032142912;0,840981617375802;FALSE;100
"hs_pfhxs_m_Log2";"hs_correct_raven";0;0,0204232847281811;0,0218329099255717;0,00691519771267211;0,00686974626536997;0,0339768231909922;0,011543466378051;0,0345633210522864;2,9533912950537;0,0031430328327242;TRUE;100
"hs_pfna_m_Log2";"hs_correct_raven";0;-0,006059992733077;-0,00751554204624785;0,00726617616431864;-0,0203014363204649;0,00818145085431093;-0,0228218340572195;0,0058481454425085;-0,834000249379483;0,404280843319107;FALSE;100
"hs_pfoa_m_Log2";"hs_correct_raven";0;0,00907274169649879;0,0107885261816318;0,00716734816934177;-0,00497500258007016;0,0231204859730677;-0,00070893402476138;0,0234401519525302;1,26584358428509;0,205569087589492;FALSE;100
"hs_pfos_m_Log2";"hs_correct_raven";0;-0,00164245768999838;-0,0011375988052152;0,00665593259891295;-0,0146878458673938;0,0114029304873971;-0,0143863345190552;0,0125228475555364;-0,246765973902234;0,805089345139453;FALSE;100
"hs_pfunda_m_Log2";"hs_correct_raven";0;-0,00227578328001017;-0,00228283137460681;0,00489361083374961;-0,0118670842685144;0,00731551770849409;-0,0110308534809754;0,00866424332675977;-0,465051953930388;0,641894251658289;FALSE;100
"e3_asmokcigd_p_None";"hs_correct_raven";0;-0,00754037909898682;-0,00626070735718169;0,00472076384438098;-0,0167929062134924;0,00171214801551875;-0,0154401378609702;0,00219734067700422;-1,59727945467172;0,110203428422625;FALSE;100
"h_distinvnear1_preg_Log";"hs_correct_raven";0;0,00161370429753987;0,0022677153944953;0,00423846391289547;-0,00669353232150796;0,0099209409165877;-0,00530649471701633;0,00996538969343954;0,38072856834529;0,703404668122027;FALSE;100
"h_trafload_preg_pow1over3";"hs_correct_raven";0;-0,00340060137300141;-0,0035023104726187;0,00443910509217075;-0,0121010874772444;0,00529988473124162;-0,0119140113201006;0,00490246322686411;-0,766055613100724;0,443643212283539;FALSE;100
"h_trafnear_preg_pow1over3";"hs_correct_raven";0;-0,0131768324043062;-0,0138803270114258;0,00589184963089071;-0,0247246454831776;-0,00162901932543481;-0,0261507100033359;-0,00300111066964691;-2,23645089908959;0,0253222502101058;TRUE;100
"h_bro_preg_Log";"hs_correct_raven";0;0,0137493432984952;0,0131817197034091;0,0112077926780554;-0,0082175266966851;0,0357162132936755;-0,00944244873664877;0,0348540390866008;1,22676638419767;0,219910408819198;FALSE;100
"h_clf_preg_Log";"hs_correct_raven";0;0,00681635222956516;0,00730384840422007;0,00518288882703798;-0,00334192320730432;0,0169746276664346;-0,00224928226016871;0,0168450633419327;1,31516466145401;0,188454568924153;FALSE;100
"h_thm_preg_Log";"hs_correct_raven";0;0,00184080134751194;0,00107213378357594;0,00688224369902638;-0,0116481484354075;0,0153297511304314;-0,0105369216489777;0,0137435696285359;0,267471107972005;0,789106456564005;FALSE;100
"e3_alcpreg_yn_None_1";"hs_correct_raven";0;0,0337553901339693;0,0329847987232051;0,00916806394059923;0,0157863150024345;0,0517244652655042;0,0173795130652927;0,0511356434871613;3,68184497323249;0,000231552202989519;TRUE;100
"h_pamod_t3_None_Often";"hs_correct_raven";0;0,114827636344649;0,11251876543192;0,0146427260011884;0,0861284207468314;0,143526851942466;0,0851220212120698;0,14055691312559;7,84195759282321;4,43576181519144e-15;TRUE;100
"h_pamod_t3_None_Sometimes";"hs_correct_raven";0;0,104651615038061;0,102544929282542;0,0157342451302174;0,0738130612589107;0,135490168817212;0,0737402580063455;0,127995380509236;6,65120024328842;2,90712436441095e-11;TRUE;100
"h_pamod_t3_None_Very Often";"hs_correct_raven";0;0,109101939604516;0,107508019520279;0,0135510881179797;0,0825422949419474;0,135661584267085;0,0841805805918482;0,134279449437281;8,05115712145349;8,20148995392755e-16;TRUE;100
"h_pavig_t3_None_Low";"hs_correct_raven";0;0,116913493039288;0,117415295093363;0,016730252549551;0,0841228005899082;0,149704185488667;0,0875964019939671;0,153689933534977;6,98814872596919;2,7853704036994e-12;TRUE;100
"h_pavig_t3_None_Medium";"hs_correct_raven";0;0,0924479717276046;0,092654195403901;0,0191220673667259;0,0549694083788732;0,129926535076336;0,0575970060333207;0,131892880682554;4,8346222170764;1,33398727639666e-06;TRUE;100
"h_abs_ratio_preg_Log";"hs_Gen_Tot";0;-0,0046866780528244;-0,00423292588228951;0,00311588549875607;-0,0107937014103369;0,00142034530468812;-0,0116160880546661;0,00063574955392589;-1,50412396562564;0,132549450600954;FALSE;100
"h_no2_ratio_preg_Log";"hs_Gen_Tot";0;-0,0053464757947723;-0,00395323540230776;0,00350106142238808;-0,0122084300903155;0,00151547850077091;-0,00956378423787196;0,00304749379560253;-1,52710139861684;0,12673579921745;FALSE;100
"h_pm10_ratio_preg_None";"hs_Gen_Tot";0;-0,00308358524149775;-0,00294797753007134;0,00266867900322073;-0,00831409997410862;0,00214692949111313;-0,00788588087867392;0,00194307231642359;-1,15547251571893;0,247896981268744;FALSE;100
"h_pm25_ratio_preg_None";"hs_Gen_Tot";0;-0,00501689191754112;-0,00406543518836243;0,0031954000797051;-0,0112797609899595;0,00124597715487729;-0,0105193571020011;0,00113352477338369;-1,57003561131667;0,116406826711952;FALSE;100
"h_accesslines300_preg_dic0";"hs_Gen_Tot";0;0,015070778205665;0,0133923335515317;0,00624124672337571;0,00283815940922;0,02730339700211;0,0028604757792939;0,028876512686643;2,41470636775494;0,015747899239489;TRUE;100
"h_accesspoints300_preg_Log";"hs_Gen_Tot";0;0,00532336503859387;0,00423937236943101;0,00294909601527043;-0,000456756938286757;0,0111034870154745;-0,00146550895948092;0,0100086442493152;1,80508366327494;0,0710615910883179;FALSE;100
"h_builtdens300_preg_Sqrt";"hs_Gen_Tot";0;-0,00277817238274903;-0,00203073581021672;0,00254164228105527;-0,00775969971520158;0,00220335494970352;-0,0073619627347322;0,00358597576662716;-1,09306191648479;0,274366615525233;FALSE;100
"h_connind300_preg_Sqrt";"hs_Gen_Tot";0;0,00420250931393026;0,00328184445500969;0,00278294024962587;-0,00125195334646335;0,00965697197432386;-0,00180346754371109;0,00840560975335443;1,51009685331736;0,131018712320948;FALSE;100
"h_fdensity300_preg_Log";"hs_Gen_Tot";0;-0,00175240854731868;-0,00136274611422068;0,00310431111974577;-0,00783674653882759;0,00433192944419023;-0,00757462903107712;0,00533578958762417;-0,564508027617476;0,572408438431154;FALSE;100
"h_frichness300_preg_None";"hs_Gen_Tot";0;0,00220669846749652;0,00220535099895764;0,00225874867812601;-0,00222036759175792;0,00663376452675096;-0,00205971816444651;0,00654441270209934;0,976956174392684;0,328590849580747;FALSE;100
"h_landuseshan300_preg_None";"hs_Gen_Tot";0;0,00237424550356698;0,00227409497174216;0,0021581337115068;-0,00185561884480811;0,00660410985194206;-0,00136735965652791;0,00725914460156465;1,10013827730316;0,271271878451682;FALSE;100
"h_popdens_preg_Sqrt";"hs_Gen_Tot";0;0,00682535610970202;0,00556210084445;0,00320258155845925;0,000548411597569724;0,0131023006218343;-0,000852007994179176;0,0108276721902097;2,13120446274775;0,0330723015249687;TRUE;100
"h_walkability_mean_preg_None";"hs_Gen_Tot";0;-0,00385891746898882;-0,00377253728481843;0,00268511667667631;-0,00912164944956226;0,00140381451158463;-0,00865524703233594;0,00147861989841415;-1,43715075866478;0,150675161090537;FALSE;100
"hs_as_m_Log2";"hs_Gen_Tot";0;0,000913866876314132;0,00132149417985039;0,00245308034732272;-0,00389408225562141;0,00572181600824968;-0,00332134889784283;0,00639453655255503;0,372538501362795;0,709491951576104;FALSE;100
"hs_cd_m_Log2";"hs_Gen_Tot";0;0,00324624811062922;0,0022717281305043;0,00259426896337117;-0,00183842562378833;0,00833092184504677;-0,00271411148302822;0,00726109834304176;1,25131517065633;0,210819512724889;FALSE;100
"hs_co_m_Log2";"hs_Gen_Tot";0;-8,0549938727167e-05;0,000587898633197786;0,0027147845222789;-0,00540142982818058;0,00524032995072625;-0,00580009768068164;0,00499472041522349;-0,0296708405643739;0,97632956753743;FALSE;100
"hs_cs_m_Log2";"hs_Gen_Tot";0;-0,00578666177383917;-0,00473374652180195;0,00246219300194577;-0,0106124713806394;-0,000960852167038912;-0,00981564125720714;-0,000424356614072601;-2,35020640919141;0,0187630030494577;TRUE;100
"hs_cu_m_Log2";"hs_Gen_Tot";0;-0,000484127928111773;-0,000759832350229979;0,00254620382958079;-0,00547459573138808;0,00450633987516453;-0,00684797085796968;0,00322760227668472;-0,190137145536962;0,849201663050322;FALSE;100
"hs_hg_m_Log2";"hs_Gen_Tot";0;-0,000126178703046573;-0,000406523463099338;0,00214540842852077;-0,00433110195507596;0,00407874454898281;-0,00416322157960593;0,00328522645092106;-0,0588133715562828;0,953100757935901;FALSE;100
"hs_mn_m_Log2";"hs_Gen_Tot";0;-0,00203694227847851;-0,0012857662147279;0,0021342847109595;-0,00622006344471361;0,00214617888775659;-0,00592527989689247;0,00226012052816311;-0,954391074451717;0,339885722552319;FALSE;100
"hs_mo_m_Log2";"hs_Gen_Tot";0;-0,00469902215703484;-0,00352399121090657;0,00244379131780631;-0,00948876512566687;9,0720811597199e-05;-0,00910050302684446;0,000311973353726225;-1,9228410064297;0,0545000204498524;FALSE;100
"hs_pb_m_Log2";"hs_Gen_Tot";0;-0,00267939634401219;-0,00201901841487613;0,00195823597568942;-0,0065174683295941;0,00115867564156972;-0,00563710255114547;0,00192427181299741;-1,36827041136801;0,171227448879104;FALSE;100
"h_humidity_preg_None";"hs_Gen_Tot";0;0,0161495340882101;0,014352586517938;0,00353062190620856;0,00922964230901318;0,023069425867407;0,00776352789741061;0,0214824562201368;4,57413297634939;4,78196069230691e-06;TRUE;100
"h_pressure_preg_None";"hs_Gen_Tot";0;-0,00624117389710036;-0,00695235672188585;0,00294823245991219;-0,0120196033365802;-0,000462744457620542;-0,0117207802273068;-0,00102859100619864;-2,11692055560851;0,0342665907974677;TRUE;100
"h_temperature_preg_None";"hs_Gen_Tot";0;-0,00453406053753101;-0,00265994342923663;0,00237721750254763;-0,00919332122594262;0,000125200150880595;-0,00682084367965842;0,00247476964565667;-1,9072973056407;0,0564820989203425;FALSE;100
"h_ndvi100_preg_None";"hs_Gen_Tot";0;0,00253959708453085;0,00262045639998334;0,00291158232901064;-0,00316699941835325;0,00824619358741495;-0,0021944747348778;0,00892813106876805;0,872239489581533;0,383077740596327;FALSE;100
"hs_dde_madj_Log2";"hs_Gen_Tot";0;-0,000219527289238962;0,000128673572340526;0,00263501973550403;-0,00538407106937912;0,0049450164909012;-0,00436061970376882;0,00484643249629931;-0,0833114402450465;0,933603903919622;FALSE;100
"hs_ddt_madj_Log2";"hs_Gen_Tot";0;-0,00152145163424634;-0,00154713977235892;0,00207389241374948;-0,00558620607300616;0,00254330280451348;-0,00617484873866756;0,00160946401019105;-0,733621293061987;0,463179579800382;FALSE;100
"hs_hcb_madj_Log2";"hs_Gen_Tot";0;-0,00258350143425606;-0,00217999296417802;0,00251814555726619;-0,00751897603432734;0,00235197316581522;-0,00843627831429015;0,00224904730343529;-1,02595397108848;0,304913280847964;FALSE;100
"hs_pcb118_madj_Log2";"hs_Gen_Tot";0;0,00719086753917234;0,00546030914484845;0,00396290607417883;-0,00057628564033318;0,0149580207186779;-0,00102016789100956;0,0131244975487749;1,81454402516022;0,0695940112231803;FALSE;100
"hs_pcb138_madj_Log2";"hs_Gen_Tot";0;-0,00966308353221584;-0,00770160377107563;0,00364700662062155;-0,0168110851600132;-0,00251508190441847;-0,015824792372435;-0,00211113676312706;-2,6495930875412;0,00805887679466718;TRUE;100
"hs_pcb153_madj_Log2";"hs_Gen_Tot";0;-0,000968837863679236;-0,00123486336061632;0,00321867466811941;-0,00727732429114469;0,00533964856378622;-0,00782259652075291;0,00377054745040235;-0,301005215990127;0,763410517091539;FALSE;100
"hs_pcb170_madj_Log2";"hs_Gen_Tot";0;0,000694193212013233;0,000115470181837239;0,00334414477180344;-0,00586021009980944;0,0072485965238359;-0,00668826402449194;0,00584530258787582;0,207584676915427;0,835553269796651;FALSE;100
"hs_pcb180_madj_Log2";"hs_Gen_Tot";0;-0,00395297973944866;-0,00289123692476641;0,00294402118242665;-0,00972315522672791;0,00181719574783059;-0,00901469407493124;0,00217561050555609;-1,34271443529165;0,17936445866822;FALSE;100
"hs_sumPCBs5_madj_Log2";"hs_Gen_Tot";0;-0,000188083825792093;-0,000392005574534555;0,0027010455002279;-0,00548203572684276;0,00510586807525857;-0,00544408144360826;0,00469320017692287;-0,069633712492523;0,944485203368367;FALSE;100
"hs_pfhxs_m_Log2";"hs_Gen_Tot";0;-0,00292643082702118;-0,00186684769847374;0,0023884819272254;-0,00760776938210778;0,00175490772806542;-0,00699399993700723;0,00266310522400125;-1,22522628020079;0,220489975323296;FALSE;100
"hs_pfna_m_Log2";"hs_Gen_Tot";0;-0,00466446496072314;-0,00377874461070914;0,00296988519218508;-0,0104853329756247;0,00115640305417843;-0,0103434977768743;0,000541694733592266;-1,57058763517093;0,116278463912097;FALSE;100
"hs_pfoa_m_Log2";"hs_Gen_Tot";0;-0,00239047063303184;-0,00147520563517672;0,00263646056804561;-0,00755783839306124;0,00277689712699756;-0,00563426743092228;0,00292848440759219;-0,906696903418466;0,364567101403422;FALSE;100
"hs_pfos_m_Log2";"hs_Gen_Tot";0;-0,00435177735725792;-0,0037694301106194;0,0028724604062946;-0,00998169630061263;0,00127814158609679;-0,00940587270399395;0,00224817742153598;-1,51499994489797;0,129772418070584;FALSE;100
"hs_pfunda_m_Log2";"hs_Gen_Tot";0;-0,00272376502372301;-0,00277823537587309;0,00225694940165714;-0,00714730456590023;0,00169977451845422;-0,00652097380118524;0,00208409980473651;-1,20683477517179;0,22749578071374;FALSE;100
"e3_asmokcigd_p_None";"hs_Gen_Tot";0;0,000378994225035766;6,81523752273322e-05;0,00218233952391457;-0,00389831264387509;0,00465630109394662;-0,00410228309058298;0,00431841464290389;0,173664189683897;0,86212938230512;FALSE;100
"h_distinvnear1_preg_Log";"hs_Gen_Tot";0;-0,00133993199519246;-0,000861726039521427;0,00193452477782007;-0,00513153088692015;0,00245166689653523;-0,00457927343659016;0,00284061480931834;-0,69264142313151;0,488534607994138;FALSE;100
"h_trafload_preg_pow1over3";"hs_Gen_Tot";0;0,00116368863595007;0,00100520852224619;0,00220369073771358;-0,00315546584303305;0,00548284311493319;-0,00303276123062301;0,00485060525313748;0,528063496403967;0,597455265774296;FALSE;100
"h_trafnear_preg_pow1over3";"hs_Gen_Tot";0;0,00125113663871049;0,000203126568724541;0,0024085687047335;-0,00346957127685745;0,00597184455427843;-0,00437007275132413;0,00484609303783675;0,51945233542712;0,603445343439633;FALSE;100
"h_bro_preg_Log";"hs_Gen_Tot";0;0,000912648940822284;0,00127185530596709;0,00376757943715255;-0,0064716710648904;0,00829696894653497;-0,00509551508361071;0,00770001151677063;0,242237477947391;0,808596156437717;FALSE;100
"h_clf_preg_Log";"hs_Gen_Tot";0;0,00550679220452211;0,0045896827345755;0,00313471655605194;-0,000637139347081133;0,0116507237561254;-0,000804360412935301;0,0106643356140311;1,75671136642022;0,0789670191442013;FALSE;100
"h_thm_preg_Log";"hs_Gen_Tot";0;0,00280760812080064;0,00243001687177096;0,00299692985233774;-0,00306626645397428;0,00868148269557555;-0,00307553040562787;0,00876253597347515;0,936828107141238;0,348846984803077;FALSE;100
"e3_alcpreg_yn_None_1";"hs_Gen_Tot";0;0,000208020980824038;2,34618421829866e-06;0,00439699626892667;-0,00840993334642922;0,0088259753080773;-0,0089815554337336;0,00758288916169865;0,0473097924358297;0,962266323588051;FALSE;100
"h_pamod_t3_None_Often";"hs_Gen_Tot";0;0,0253274607459591;0,0255236922922062;0,0055721449160128;0,014406257393936;0,0362486640979821;0,0144208393845981;0,0360607539954649;4,54537007341194;5,48388164238147e-06;TRUE;100
"h_pamod_t3_None_Sometimes";"hs_Gen_Tot";0;0,0178815621687324;0,0192932004650385;0,00658946717571687;0,00496644382701847;0,0307966805104463;0,00820713466670845;0,0325672135985204;2,71365828099554;0,00665447700313975;TRUE;100
"h_pamod_t3_None_Very Often";"hs_Gen_Tot";0;0,0232717692718282;0,0250133897154336;0,00548527094528809;0,0125208357736196;0,0340227027700369;0,0132932771247307;0,0367265772472835;4,24259248156538;2,20952441295489e-05;TRUE;100
"h_pavig_t3_None_Low";"hs_Gen_Tot";0;0,0368177387269946;0,0349771072234344;0,00653527099741062;0,0240088429428606;0,0496266345111286;0,0250264500865365;0,0481838411822076;5,6336973235819;1,7638648449166e-08;TRUE;100
"h_pavig_t3_None_Medium";"hs_Gen_Tot";0;0,040832721253357;0,0384453834169494;0,00779933072175726;0,0255463139351959;0,056119128571518;0,0275085534883903;0,0582188529453683;5,2354134873969;1,64615917232693e-07;TRUE;100
"h_abs_ratio_preg_Log";"hs_bmi_c_cat";0;0,00200846671042212;0,00182607167081832;0,0642183247672277;-0,123857136980841;0,127874070401685;-0,107717791221264;0,132681471968952;0,0312756011263485;0,975049748367524;FALSE;100
"h_no2_ratio_preg_Log";"hs_bmi_c_cat";0;-0,0580898009364602;-0,0580433324182786;0,0687321075229562;-0,192802256262989;0,0766226543900684;-0,176315434590741;0,0779508226940848;-0,845162516180062;0,398020107502323;FALSE;100
"h_pm10_ratio_preg_None";"hs_bmi_c_cat";0;0,0776209892518693;0,0770461673172137;0,0653032384025125;-0,0503710060908881;0,205612984594627;-0,0448911215152878;0,192654239633715;1,18862388988174;0,234587702665631;FALSE;100
"h_pm25_ratio_preg_None";"hs_bmi_c_cat";0;0,0100807568378751;0,0112770235386462;0,0535481293750552;-0,0948716481767244;0,115033161852475;-0,0880510731711388;0,117026251170991;0,188256003627478;0,850675972667962;FALSE;100
"h_accesslines300_preg_dic0";"hs_bmi_c_cat";0;-0,138272582840976;-0,143009539997951;0,167877577685202;-0,467306588915797;0,190761423233844;-0,45074444231214;0,208725119432759;-0,823651286536075;0,410137725903609;FALSE;100
"h_accesspoints300_preg_Log";"hs_bmi_c_cat";0;-0,116434316133118;-0,116529090517967;0,0598602106987053;-0,233758173209559;0,000889540943323816;-0,235073211412911;-6,19733784502607e-05;-1,94510368029219;0,0517625010548728;FALSE;100
"h_builtdens300_preg_Sqrt";"hs_bmi_c_cat";0;-0,0185511353781391;-0,0168273527118458;0,0652999263545647;-0,146536639226204;0,109434368469926;-0,157698230670903;0,103206185932119;-0,284091214397554;0,776340479608354;FALSE;100
"h_connind300_preg_Sqrt";"hs_bmi_c_cat";0;-0,0717722963770014;-0,0740674083795696;0,0597699521096017;-0,188919249869505;0,0453746571155018;-0,179008852199209;0,05856531657648;-1,20080899923411;0,229825300197824;FALSE;100
"h_fdensity300_preg_Log";"hs_bmi_c_cat";0;-0,158314168395906;-0,159590040103901;0,0707385725983171;-0,29695922300638;-0,0196691137854328;-0,311555070963901;-0,0335508307870365;-2,23801757062416;0,0252199093352;TRUE;100
"h_frichness300_preg_None";"hs_bmi_c_cat";0;-0,0566294192366731;-0,06000253096694;0,0636911532028704;-0,181461785648122;0,0682029471747757;-0,176332724448642;0,0545073860578077;-0,889125355546569;0,373935713396114;FALSE;100
"h_landuseshan300_preg_None";"hs_bmi_c_cat";0;0,0229410469521136;0,0229059873924849;0,0665965596248267;-0,107585811406821;0,153467905311048;-0,0958084978685859;0,171588743120579;0,344477959242228;0,730486868880166;FALSE;100
"h_popdens_preg_Sqrt";"hs_bmi_c_cat";0;0,130611931643972;0,133152677031451;0,0672589765255125;-0,00121323998305753;0,262437103271001;0,00898686723318486;0,248863794514545;1,94192564905338;0,0521461018312601;FALSE;100
"h_walkability_mean_preg_None";"hs_bmi_c_cat";0;-0,0608142667604003;-0,0629660318683221;0,0665127726821493;-0,191176905729313;0,0695483722085119;-0,179514252707811;0,0335840482068885;-0,914324637329721;0,360546288466255;FALSE;100
"hs_as_m_Log2";"hs_bmi_c_cat";0;0,0818354734464124;0,0826940163914366;0,0661178538332995;-0,0477531388019382;0,211424085694763;-0,0253808454455718;0,19895500599494;1,23772126138185;0,215819432778695;FALSE;100
"hs_cd_m_Log2";"hs_bmi_c_cat";0;0,0424118335883911;0,0400913966559923;0,0553101045208124;-0,0659939792535473;0,150817646430329;-0,0617867668422018;0,134220169577109;0,766800821582829;0,443199947829954;FALSE;100
"hs_co_m_Log2";"hs_bmi_c_cat";0;0,0873836939679561;0,0916496328263577;0,0621363007840598;-0,0344012177013489;0,209168605637261;-0,0251493181712314;0,199932705612618;1,40632275924564;0,159628304869005;FALSE;100
"hs_cs_m_Log2";"hs_bmi_c_cat";0;0,0998332699619677;0,100904300726312;0,0581444349246178;-0,0141277283917161;0,213794268315651;0,00516697918221944;0,209238354950074;1,71698753442867;0,0859814496417929;FALSE;100
"hs_cu_m_Log2";"hs_bmi_c_cat";0;-0,0552894361107288;-0,0552336525055957;0,0534108838070065;-0,159972844754915;0,0493939725334574;-0,148487067299824;0,0504386887088014;-1,03517171351274;0,300588726334955;FALSE;100
"hs_hg_m_Log2";"hs_bmi_c_cat";0;-0,0143181741739864;-0,0135571501025318;0,0581616889141858;-0,128312989725813;0,0996766413778402;-0,12262430747814;0,0847705913735733;-0,246178789531232;0,805543833896887;FALSE;100
"hs_mn_m_Log2";"hs_bmi_c_cat";0;-0,00517218533228428;-0,00650572768571306;0,0591047621831522;-0,121015390526067;0,110671019861499;-0,130137950031641;0,104226442798197;-0,0875087749487403;0,930267110790109;FALSE;100
"hs_mo_m_Log2";"hs_bmi_c_cat";0;0,00611094912900958;0,00655530905863898;0,0751127064050227;-0,141107250206166;0,153329148464185;-0,138093515547613;0,127727532386914;0,081357062226704;0,935157995245458;FALSE;100
"hs_pb_m_Log2";"hs_bmi_c_cat";0;0,0400473213497113;0,041287384560367;0,0525417779111655;-0,0629326710398751;0,143027313739298;-0,0396540243749923;0,15094304976214;0,762199585583514;0,44594089340996;FALSE;100
"h_humidity_preg_None";"hs_bmi_c_cat";0;-0,104168949905617;-0,105865632409182;0,0543958126541741;-0,210782783617586;0,00244488380635237;-0,206623871321735;0,00299843216893595;-1,91501780785738;0,0554902326137528;FALSE;100
"h_pressure_preg_None";"hs_bmi_c_cat";0;-0,015293253748223;-0,0127591799305136;0,0625001477890665;-0,137791292443224;0,107204784946778;-0,126319982769547;0,0969168374808361;-0,244691481367958;0,806695324456764;FALSE;100
"h_temperature_preg_None";"hs_bmi_c_cat";0;0,0447745746111368;0,0464131371692364;0,0672564498730636;-0,0870456448680913;0,176594794090365;-0,0624131580038395;0,198940049641327;0,665729081681267;0,505584281562744;FALSE;100
"h_ndvi100_preg_None";"hs_bmi_c_cat";0;-0,0405843605457206;-0,0418477024050872;0,0685783349452435;-0,174995427158122;0,0938267060666811;-0,160534006410437;0,0958490307489757;-0,591795653512517;0,553987434112637;FALSE;100
"hs_dde_madj_Log2";"hs_bmi_c_cat";0;0,135961275436777;0,138732997611578;0,0577704928961358;0,0227331899912235;0,24918936088233;0,0363743469706098;0,236447375868622;2,35347265742077;0,0185989756734049;TRUE;100
"hs_ddt_madj_Log2";"hs_bmi_c_cat";0;-0,0106364208044682;-0,00903765446666761;0,0580502125619473;-0,12441274672078;0,103139905111843;-0,115988987791398;0,106805009492957;-0,183227938969521;0,854619173315309;FALSE;100
"hs_hcb_madj_Log2";"hs_bmi_c_cat";0;-0,0537398662213088;-0,0506708825214766;0,0680925833362437;-0,187198877174639;0,0797191447320211;-0,184860783519916;0,0784949019281611;-0,789217615021879;0,429984828258163;FALSE;100
"hs_pcb118_madj_Log2";"hs_bmi_c_cat";0;-0,0207299760534928;-0,0236605954645592;0,0692208475128246;-0,156400344157968;0,114940392050982;-0,139514468900946;0,106140557216155;-0,299475906440644;0,76457695282804;FALSE;100
"hs_pcb138_madj_Log2";"hs_bmi_c_cat";0;0,00165165126835407;0,00796696877543384;0,0767778460043664;-0,148830161710767;0,152133464247475;-0,131623451635105;0,162220385438362;0,0215120813399759;0,982837166178055;FALSE;100
"hs_pcb153_madj_Log2";"hs_bmi_c_cat";0;0,00455230417975887;0,00136769370490843;0,0678535918581499;-0,128438292083895;0,137542900443413;-0,121497337057966;0,122283776557203;0,0670900987714196;0,946509976172395;FALSE;100
"hs_pcb170_madj_Log2";"hs_bmi_c_cat";0;-0,124152658855529;-0,125344780350512;0,0671710858273798;-0,255805567879642;0,00750025016858431;-0,293398014519711;-0,00304991083189766;-1,84830507540973;0,0645582219274883;FALSE;100
"hs_pcb180_madj_Log2";"hs_bmi_c_cat";0;-0,0469072529859909;-0,0446442742168055;0,0670269121368927;-0,178277586769231;0,0844630807972494;-0,156586640500129;0,0778856887457528;-0,699827151371521;0,484035256304482;FALSE;100
"hs_sumPCBs5_madj_Log2";"hs_bmi_c_cat";0;-0,0736846853534513;-0,0738968485949304;0,0797420876426529;-0,229976305185087;0,0826069344781849;-0,206260123476898;0,0688467693923364;-0,924037575786245;0,355466752345941;FALSE;100
"hs_pfhxs_m_Log2";"hs_bmi_c_cat";0;-0,109852327882446;-0,105809619006665;0,0602053051628225;-0,227852557679822;0,00814790191492945;-0,213028661915977;0,0122671621327171;-1,82462870315756;0,0680570789282077;FALSE;100
"hs_pfna_m_Log2";"hs_bmi_c_cat";0;0,0973812634745443;0,0989870236410011;0,0681311005569724;-0,0361532398441983;0,230915766793287;-0,0384584661857664;0,216704944331332;1,42932174408532;0,152911779113116;FALSE;100
"hs_pfoa_m_Log2";"hs_bmi_c_cat";0;0,0335876701449521;0,0306520475718871;0,0626388476603586;-0,0891822153024418;0,156357555592346;-0,080198444946;0,145721152948281;0,536211494934768;0,591812389995985;FALSE;100
"hs_pfos_m_Log2";"hs_bmi_c_cat";0;-0,0196895300033871;-0,0202886351611162;0,0570542461534853;-0,131513797629301;0,092134737622527;-0,111501419623165;0,0938776211755841;-0,345101921957203;0,730017748600018;FALSE;100
"hs_pfunda_m_Log2";"hs_bmi_c_cat";0;-0,0123107452895465;-0,015840289802264;0,060090754993618;-0,130086460880858;0,105464970301765;-0,111491113286383;0,0833413938517333;-0,204869206433734;0,83767431461384;FALSE;100
"e3_asmokcigd_p_None";"hs_bmi_c_cat";0;-0,00677306113828453;-0,00599382067852541;0,051479148527216;-0,107670338206416;0,094124215929847;-0,0976924749757895;0,119134790215145;-0,13156902031322;0,89532519067177;FALSE;100
"h_distinvnear1_preg_Log";"hs_bmi_c_cat";0;0,00521686360588328;0,00379641629819065;0,0637119465749206;-0,119656257065901;0,130089984277668;-0,112364901786679;0,12034659019238;0,0818820313353421;0,934740523368721;FALSE;100
"h_trafload_preg_pow1over3";"hs_bmi_c_cat";0;0,117916681196229;0,118175965746702;0,0670899686854777;-0,0135772411512276;0,249410603543685;0,00478502860810481;0,238672440427248;1,75759034482532;0,0788172373574903;FALSE;100
"h_trafnear_preg_pow1over3";"hs_bmi_c_cat";0;-0,00332032695814637;-0,00291458652483564;0,066178953474793;-0,133028692303292;0,126388038387;-0,128979529077208;0,130128218371383;-0,0501719471797187;0,959985366298336;FALSE;100
"h_bro_preg_Log";"hs_bmi_c_cat";0;-0,0541332854257216;-0,058106318462812;0,0645878755454586;-0,180723195332776;0,0724566244813324;-0,190391898173645;0,0720525018839218;-0,838133859777153;0,401955528149715;FALSE;100
"h_clf_preg_Log";"hs_bmi_c_cat";0;-0,102178756132738;-0,107795853016995;0,0834839134433788;-0,265804219770219;0,061446707504744;-0,270506054519342;0,0547454725376056;-1,22393347314795;0,220977325000382;FALSE;100
"h_thm_preg_Log";"hs_bmi_c_cat";0;-0,141359900989887;-0,143409028865554;0,0636747966116568;-0,266160209071647;-0,0165595929081266;-0,268886655381899;-0,0130856478679266;-2,22002909333217;0,0264167927784931;TRUE;100
"e3_alcpreg_yn_None_1";"hs_bmi_c_cat";0;-0,178471967563225;-0,182745637449761;0,122591595329373;-0,418747079216104;0,0618031440896544;-0,438541932542764;0,0660638510350772;-1,45582547550438;0,145440871394282;FALSE;100
"h_pamod_t3_None_Often";"hs_bmi_c_cat";0;-0,301852648486874;-0,302029851074996;0,109658676509331;-0,51677970503749;-0,0869255919362577;-0,494557572165737;-0,0829461294037874;-2,7526563159021;0,00591139180022497;TRUE;100
"h_pamod_t3_None_Sometimes";"hs_bmi_c_cat";0;-0,108365246952199;-0,105155381643767;0,143552241228096;-0,389722469659273;0,172991975754874;-0,372067791169901;0,166918292915117;-0,754883699656167;0,45031876700895;FALSE;100
"h_pamod_t3_None_Very Often";"hs_bmi_c_cat";0;-0,0937184900168971;-0,0932130302035688;0,0871322299536779;-0,264494522618768;0,0770575425849736;-0,241799994091743;0,0800217631423863;-1,07558925172374;0,282110996484668;FALSE;100
"h_pavig_t3_None_Low";"hs_bmi_c_cat";0;-0,500982450217841;-0,503061296827057;0,129098386812637;-0,754010638832831;-0,247954261602851;-0,760770666616439;-0,265051684623325;-3,88062517733026;0,000104188304057353;TRUE;100
"h_pavig_t3_None_Medium";"hs_bmi_c_cat";0;-0,284412661702152;-0,286863445992304;0,123754713836429;-0,526967443738613;-0,0418578796656916;-0,49192557078912;-0,0738841982770242;-2,2981965929643;0,0215506025323497;TRUE;100
